ticker,date,open,high,low,close,vol
AAPL,201010110900,295.01,295.05,294.82,294.82,5235
AAPL,201010110905,294.81,294.9,294.8,294.85,7441
AAPL,201010110910,294.85,294.98,294.84,294.85,4268
AAPL,201010110915,294.83,294.83,294.75,294.83,4012
AAPL,201010110920,294.8,294.82,294.64,294.67,13081
AAPL,201010110925,294.64,294.84,294.5,294.77,12244
AAPL,201010110930,294.74,296.25,294.74,295.71,1024460
AAPL,201010110935,295.75,296.69,295.58,296.31,544871
AAPL,201010110940,296.35,296.59,295.9,296.07,406701
AAPL,201010110945,296.1,296.19,295.27,295.38,398542
AAPL,201010110950,295.45,295.89,295,295.83,369892
AAPL,201010110955,295.85,296.14,295.65,296.14,331917
AAPL,201010111000,296.11,296.57,296.04,296.2,406755
AAPL,201010111005,296.2,296.7,296.13,296.35,330723
AAPL,201010111010,296.35,296.36,295.9,296.07,282759
AAPL,201010111015,296.07,296.47,296,296.35,245214
AAPL,201010111020,296.35,296.87,296.31,296.83,386289
AAPL,201010111025,296.86,297.12,296.68,296.9,499939
AAPL,201010111030,296.9,297,296.24,296.41,289884
AAPL,201010111035,296.4,296.55,296.3,296.49,146426
AAPL,201010111040,296.49,296.73,296.37,296.43,167136
AAPL,201010111045,296.41,296.41,295.69,295.77,358209
AAPL,201010111050,295.75,295.97,295.6,295.75,187720
AAPL,201010111055,295.75,296.15,295.7,296.04,175859
AAPL,201010111100,296.02,296.3,295.87,296.12,121743
AAPL,201010111105,296.12,296.17,295.85,296.09,110676
AAPL,201010111110,296.1,296.27,295.9,296.16,152959
AAPL,201010111115,296.16,296.33,296,296.1,102585
AAPL,201010111120,296.02,296.46,296.02,296.32,103329
AAPL,201010111125,296.33,296.46,296.18,296.24,87080
AAPL,201010111130,296.27,296.44,296.22,296.3,96513
AAPL,201010111135,296.3,296.62,296.25,296.5,163193
AAPL,201010111140,296.5,296.52,296.14,296.22,95047
AAPL,201010111145,296.26,296.4,296.07,296.16,75630
AAPL,201010111150,296.16,296.23,296.03,296.13,88797
AAPL,201010111155,296.12,296.2,295.92,296.07,137364
AAPL,201010111200,296.1,296.2,295.95,296.09,85083
AAPL,201010111205,296.11,296.15,295.9,296.04,87150
AAPL,201010111210,296.01,296.33,295.98,296.29,76532
AAPL,201010111215,296.27,296.35,296.13,296.32,67645
AAPL,201010111220,296.35,296.37,296.15,296.31,57929
AAPL,201010111225,296.35,296.47,296.26,296.35,50145
AAPL,201010111230,296.34,296.53,296.26,296.43,62073
AAPL,201010111235,296.44,296.82,296.4,296.6,124242
AAPL,201010111240,296.57,296.67,296.52,296.58,52218
AAPL,201010111245,296.61,296.61,296.36,296.4,67313
AAPL,201010111250,296.4,296.49,296.28,296.38,69026
AAPL,201010111255,296.36,296.62,296.35,296.6,48036
AAPL,201010111300,296.6,296.64,296.4,296.56,61631
AAPL,201010111305,296.53,296.64,296.44,296.63,60521
AAPL,201010111310,296.63,296.76,296.56,296.72,77534
AAPL,201010111315,296.72,296.75,296.6,296.65,46717
AAPL,201010111320,296.63,296.72,296.56,296.69,36108
AAPL,201010111325,296.68,296.73,296.56,296.59,32992
AAPL,201010111330,296.62,296.67,296.5,296.56,40902
AAPL,201010111335,296.57,296.67,296.55,296.63,44837
AAPL,201010111340,296.64,296.74,296.57,296.74,46356
AAPL,201010111345,296.71,296.77,296.57,296.75,64625
AAPL,201010111350,296.72,296.93,296.67,296.91,166269
AAPL,201010111355,296.89,296.91,296.7,296.81,78475
AAPL,201010111400,296.85,296.89,296.7,296.71,80707
AAPL,201010111405,296.71,296.83,296.64,296.78,58202
AAPL,201010111410,296.73,296.73,296.59,296.65,81160
AAPL,201010111415,296.61,296.79,296.56,296.66,65981
AAPL,201010111420,296.69,296.72,296.6,296.71,72978
AAPL,201010111425,296.71,296.74,296.65,296.73,42225
AAPL,201010111430,296.73,296.89,296.57,296.89,138851
AAPL,201010111435,296.88,297,296.84,296.98,199822
AAPL,201010111440,296.98,297.2,296.95,297.19,278415
AAPL,201010111445,297.2,297.24,296.95,297.09,229682
AAPL,201010111450,297.07,297.16,296.83,297.01,183782
AAPL,201010111455,296.98,297.09,296.87,296.95,120333
AAPL,201010111500,296.95,297.08,296.84,296.92,85978
AAPL,201010111505,296.92,297.05,296.91,297,65594
AAPL,201010111510,296.98,297.01,296.25,296.41,344651
AAPL,201010111515,296.41,296.61,296.31,296.39,254061
AAPL,201010111520,296.35,296.49,296.01,296.05,233775
AAPL,201010111525,296.05,296.18,295.59,295.68,339002
AAPL,201010111530,295.67,295.83,295.09,295.11,433317
AAPL,201010111535,295.11,295.52,295.02,295.19,376163
AAPL,201010111540,295.19,295.32,294.6,295.3,435432
AAPL,201010111545,295.26,295.76,295.06,295.64,269115
AAPL,201010111550,295.66,295.7,295.44,295.53,247342
AAPL,201010111555,295.52,295.53,295.11,295.36,375616
AAPL,201010111600,295.48,295.86,295.36,295.86,470020
AAPL,201010111605,295.84,295.84,295.36,295.75,9350
AAPL,201010111610,295.78,296.11,295.62,295.63,2460
AAPL,201010111615,295.61,295.65,295.55,295.65,3513
AAPL,201010111620,295.65,295.7,295.65,295.7,860
AAPL,201010111625,295.6,295.66,295.6,295.61,860
AAPL,201010111630,295.67,295.7,295.56,295.57,720
AAPL,201010111635,295.57,295.57,295.52,295.52,1108
AAPL,201010111640,295.52,296.11,295.5,295.54,22952
AAPL,201010111645,295.5,295.5,295.47,295.5,1713
AAPL,201010111650,295.45,295.45,295.44,295.44,420
AAPL,201010111655,295.44,295.44,295.44,295.44,111
AAPL,201010120900,296.02,296.04,295.8,295.82,6858
AAPL,201010120905,295.85,295.95,295.77,295.85,9993
AAPL,201010120910,295.85,296,295.76,295.86,5900
AAPL,201010120915,295.97,296.09,295.95,296.09,11372
AAPL,201010120920,296.06,296.2,295.73,295.75,13197
AAPL,201010120925,295.75,295.75,295.36,295.41,12200
AAPL,201010120930,295.41,296.25,294.8,295.8,678757
AAPL,201010120935,295.79,296.69,295.6,296.2,619514
AAPL,201010120940,296.19,296.21,295.6,295.66,397968
AAPL,201010120945,295.65,295.71,293.28,293.49,894665
AAPL,201010120950,293.48,293.88,292.49,293.4,892055
AAPL,201010120955,293.35,293.93,293.18,293.58,372383
AAPL,201010121000,293.58,294.55,293.5,294.37,469620
AAPL,201010121005,294.34,294.85,294.12,294.16,264177
AAPL,201010121010,294.13,295.17,294.1,295.13,260568
AAPL,201010121015,295.05,295.7,294.97,295.58,571948
AAPL,201010121020,295.55,295.75,295.33,295.34,270771
AAPL,201010121025,295.38,295.68,295.28,295.35,176014
AAPL,201010121030,295.35,295.9,295.33,295.78,219123
AAPL,201010121035,295.78,295.96,295.56,295.87,174197
AAPL,201010121040,295.86,296.18,295.75,296.03,258857
AAPL,201010121045,296.07,296.38,295.9,296.32,305025
AAPL,201010121050,296.28,296.97,296.23,296.87,422617
AAPL,201010121055,296.85,297.2,296.64,296.9,406478
AAPL,201010121100,296.89,297.1,296.58,296.87,264867
AAPL,201010121105,296.83,297.73,296.82,297.3,503664
AAPL,201010121110,297.31,297.46,296.76,296.98,266963
AAPL,201010121115,296.97,297.1,296.84,297,147506
AAPL,201010121120,296.94,297,296.7,296.87,112445
AAPL,201010121125,296.89,297.16,296.86,297.11,166144
AAPL,201010121130,297.11,297.15,296.88,296.97,120687
AAPL,201010121135,296.95,297.32,296.95,297.1,121061
AAPL,201010121140,297.05,297.05,296.7,296.78,125253
AAPL,201010121145,296.78,296.8,296.56,296.72,105143
AAPL,201010121150,296.68,296.99,296.62,296.95,85318
AAPL,201010121155,296.95,297.13,296.87,297.04,109608
AAPL,201010121200,297.03,297.2,296.84,297.11,162261
AAPL,201010121205,297.1,297.18,296.86,296.94,55041
AAPL,201010121210,296.95,297,296.82,296.88,72321
AAPL,201010121215,296.91,297.2,296.9,297.2,95678
AAPL,201010121220,297.2,297.37,297,297.04,191809
AAPL,201010121225,297.05,297.1,296.83,296.83,77810
AAPL,201010121230,296.88,297.08,296.73,297.08,108305
AAPL,201010121235,297.08,297.1,296.87,296.96,58558
AAPL,201010121240,296.98,297.09,296.97,297.07,35653
AAPL,201010121245,297.04,297.08,296.78,296.85,77318
AAPL,201010121250,296.83,297.08,296.82,297.04,72558
AAPL,201010121255,297.03,297.06,296.78,296.93,70011
AAPL,201010121300,296.95,296.98,296.78,296.98,46984
AAPL,201010121305,296.98,297,296.78,296.92,49882
AAPL,201010121310,296.92,296.99,296.86,296.96,29289
AAPL,201010121315,296.95,297.05,296.92,296.97,60384
AAPL,201010121320,296.98,297,296.81,296.89,66927
AAPL,201010121325,296.89,297,296.82,296.99,31961
AAPL,201010121330,296.96,296.99,296.9,296.94,32468
AAPL,201010121335,296.97,296.99,296.78,296.83,52072
AAPL,201010121340,296.86,296.91,296.61,296.75,110628
AAPL,201010121345,296.75,296.97,296.72,296.89,56686
AAPL,201010121350,296.89,297,296.83,296.93,49302
AAPL,201010121355,296.94,296.98,296.84,296.92,61034
AAPL,201010121400,296.96,297.55,296.5,297.3,490548
AAPL,201010121405,297.31,297.44,296.92,297.12,228342
AAPL,201010121410,297.11,297.54,297.06,297.43,285924
AAPL,201010121415,297.46,298.1,297.34,297.68,631807
AAPL,201010121420,297.68,297.74,296.9,297.1,363328
AAPL,201010121425,297.12,297.4,297.04,297.25,150845
AAPL,201010121430,297.3,297.39,296.57,296.62,246073
AAPL,201010121435,296.64,297.19,296.59,296.86,117290
AAPL,201010121440,296.89,297.43,296.89,297.16,208983
AAPL,201010121445,297.2,297.55,297.19,297.31,149645
AAPL,201010121450,297.31,297.5,297.25,297.5,111075
AAPL,201010121455,297.47,297.66,297.33,297.62,148098
AAPL,201010121500,297.59,297.61,297,297.05,213456
AAPL,201010121505,297.05,297.67,297,297.57,199521
AAPL,201010121510,297.59,297.78,297.53,297.68,220914
AAPL,201010121515,297.64,298.19,297.64,298.1,393052
AAPL,201010121520,298.08,298.64,298.05,298.58,418291
AAPL,201010121525,298.57,298.98,298.55,298.89,417514
AAPL,201010121530,298.91,298.98,298.58,298.7,308409
AAPL,201010121535,298.7,298.88,298.55,298.8,251701
AAPL,201010121540,298.79,299.05,298.68,298.98,350155
AAPL,201010121545,299,299.49,298.96,299.46,499327
AAPL,201010121550,299.49,299.5,298.7,298.8,477949
AAPL,201010121555,298.8,298.89,298.44,298.74,538292
AAPL,201010121600,298.74,298.74,298.49,298.59,210428
AAPL,201010121605,298.54,298.59,298.4,298.51,5206
AAPL,201010121610,298.52,298.6,298.5,298.6,1815
AAPL,201010121615,298.41,299.28,298.25,299,64642
AAPL,201010121620,298.98,299,298.7,298.79,6914
AAPL,201010121625,298.79,299.07,298.7,299.02,182362
AAPL,201010121630,298.95,298.95,298.54,298.88,5838
AAPL,201010121635,298.9,299.19,298.88,299,10299
AAPL,201010121640,299,299,298.88,298.9,1773
AAPL,201010121645,298.99,299.1,298.91,299,3083
AAPL,201010121650,299.03,299.03,298.93,298.97,2575
AAPL,201010121655,298.91,298.93,298.86,298.86,690
AAPL,201010130900,300.95,300.95,300.8,300.8,8050
AAPL,201010130905,300.8,300.85,300.54,300.6,21584
AAPL,201010130910,300.64,300.8,300.6,300.75,17901
AAPL,201010130915,300.77,300.77,300.4,300.61,10740
AAPL,201010130920,300.6,300.9,300.55,300.8,14473
AAPL,201010130925,300.79,300.79,300,300.1,56557
AAPL,201010130930,300.2,300.79,300,300.34,1311609
AAPL,201010130935,300.36,300.96,300.15,300.43,663549
AAPL,201010130940,300.42,300.75,300.27,300.71,482136
AAPL,201010130945,300.7,301.72,300.63,301.7,750879
AAPL,201010130950,301.7,301.72,301.25,301.35,516093
AAPL,201010130955,301.35,301.56,301.2,301.24,339009
AAPL,201010131000,301.25,301.59,301.15,301.47,423403
AAPL,201010131005,301.49,301.54,301.25,301.41,301958
AAPL,201010131010,301.42,301.54,301.21,301.43,318171
AAPL,201010131015,301.43,301.78,300.65,300.83,576991
AAPL,201010131020,300.83,301.17,300.51,301.05,372836
AAPL,201010131025,301.05,301.33,300.97,301.1,223848
AAPL,201010131030,301.08,301.2,300.75,301.09,175336
AAPL,201010131035,301.05,301.29,301,301.13,206142
AAPL,201010131040,301.16,301.24,300.93,300.99,156655
AAPL,201010131045,301,301.08,300.68,300.73,182393
AAPL,201010131050,300.75,301.09,300.71,301.09,184003
AAPL,201010131055,301.03,301.35,300.81,301.34,210605
AAPL,201010131100,301.32,301.45,301.15,301.41,240530
AAPL,201010131105,301.39,301.69,301.16,301.2,328466
AAPL,201010131110,301.24,301.44,300.86,301.26,291140
AAPL,201010131115,301.24,301.44,301.2,301.43,149850
AAPL,201010131120,301.41,301.96,301.41,301.94,409057
AAPL,201010131125,301.93,301.93,301.23,301.3,306879
AAPL,201010131130,301.28,301.46,301.25,301.4,179139
AAPL,201010131135,301.46,301.5,301.22,301.33,154572
AAPL,201010131140,301.34,301.34,301.15,301.23,84879
AAPL,201010131145,301.23,301.3,301.11,301.3,105299
AAPL,201010131150,301.3,301.5,301.29,301.4,85796
AAPL,201010131155,301.39,301.42,301.32,301.38,76963
AAPL,201010131200,301.38,301.45,301.32,301.4,97363
AAPL,201010131205,301.4,301.41,301.28,301.32,150177
AAPL,201010131210,301.3,301.35,301.25,301.29,63048
AAPL,201010131215,301.27,301.38,301.22,301.28,71802
AAPL,201010131220,301.27,301.4,301.16,301.36,104973
AAPL,201010131225,301.35,301.52,301.31,301.42,101022
AAPL,201010131230,301.41,301.44,301.32,301.35,64716
AAPL,201010131235,301.39,301.48,301.31,301.37,75182
AAPL,201010131240,301.32,301.39,300.9,301.07,225346
AAPL,201010131245,301.05,301.21,300.87,300.97,135672
AAPL,201010131250,300.94,301.15,300.8,301.09,112871
AAPL,201010131255,301.06,301.1,300.84,300.89,95103
AAPL,201010131300,300.91,300.97,300.73,300.76,177551
AAPL,201010131305,300.78,300.83,300.07,300.23,293860
AAPL,201010131310,300.25,300.39,300.04,300.12,327920
AAPL,201010131315,300.13,300.33,300,300.25,308176
AAPL,201010131320,300.28,300.49,300.04,300.43,219556
AAPL,201010131325,300.41,300.5,300.29,300.37,165903
AAPL,201010131330,300.38,300.89,300.29,300.7,241387
AAPL,201010131335,300.7,301.1,300.57,301.06,157148
AAPL,201010131340,301.06,301.1,300.79,300.82,119087
AAPL,201010131345,300.82,300.82,300.5,300.54,140153
AAPL,201010131350,300.6,300.8,300.52,300.78,69547
AAPL,201010131355,300.71,300.8,300.65,300.71,66854
AAPL,201010131400,300.72,301.16,300.65,300.98,209992
AAPL,201010131405,300.98,301.09,300.9,300.95,89105
AAPL,201010131410,300.97,301.19,300.95,301.15,156297
AAPL,201010131415,301.15,301.2,300.98,301.04,158907
AAPL,201010131420,301.05,301.15,300.65,300.67,165079
AAPL,201010131425,300.68,300.78,300.48,300.74,195165
AAPL,201010131430,300.72,300.98,300.68,300.86,139934
AAPL,201010131435,300.87,301,300.42,300.47,254188
AAPL,201010131440,300.47,300.56,300.15,300.38,226117
AAPL,201010131445,300.4,300.52,299.83,299.9,369829
AAPL,201010131450,299.86,300.35,299.8,300.16,356206
AAPL,201010131455,300.14,300.71,300.14,300.64,221652
AAPL,201010131500,300.63,300.8,300.28,300.4,239405
AAPL,201010131505,300.4,300.74,300.12,300.48,183962
AAPL,201010131510,300.48,300.65,300.3,300.49,163814
AAPL,201010131515,300.49,300.88,300.45,300.81,227901
AAPL,201010131520,300.86,301.1,300.8,300.99,215287
AAPL,201010131525,300.99,301,300.52,300.62,207773
AAPL,201010131530,300.58,300.85,300.58,300.68,156967
AAPL,201010131535,300.73,300.87,300.46,300.51,168288
AAPL,201010131540,300.5,300.83,300.45,300.74,208549
AAPL,201010131545,300.72,300.75,300.4,300.48,230193
AAPL,201010131550,300.49,300.59,300.12,300.14,329540
AAPL,201010131555,300.15,300.53,299.93,300.08,601851
AAPL,201010131600,300.14,300.4,300.14,300.34,479588
AAPL,201010131605,300.34,300.4,300.25,300.32,4916
AAPL,201010131610,300.35,300.35,300.2,300.23,2560
AAPL,201010131615,300.23,300.33,300.2,300.23,4905
AAPL,201010131620,300.23,300.85,300.21,300.26,4550
AAPL,201010131625,300.25,300.25,300.15,300.15,3194
AAPL,201010131630,300.15,300.15,300.08,300.1,600
AAPL,201010131635,300.1,300.14,300.1,300.14,400
AAPL,201010131640,300.15,300.19,300.15,300.16,1525
AAPL,201010131645,300.13,300.15,300.12,300.15,400
AAPL,201010131650,300.14,300.17,300.1,300.17,3500
AAPL,201010131655,300.15,301.11,300.15,301.11,1924659
AAPL,201010140900,302.27,302.31,301.77,302.01,27515
AAPL,201010140905,302.05,302.05,301.35,301.35,37786
AAPL,201010140910,301.35,301.5,301.2,301.4,17288
AAPL,201010140915,301.44,301.62,301.37,301.55,4700
AAPL,201010140920,301.54,301.54,301.01,301.01,11562
AAPL,201010140925,301.01,301.68,301,301.35,16570
AAPL,201010140930,301.69,301.93,301.03,301.33,742479
AAPL,201010140935,301.33,301.72,301.05,301.66,550582
AAPL,201010140940,301.68,302.12,301.41,301.92,638299
AAPL,201010140945,301.92,301.97,301.17,301.19,377616
AAPL,201010140950,301.2,301.2,300.4,301.03,462809
AAPL,201010140955,301.04,301.18,300.5,300.72,284203
AAPL,201010141000,300.72,301.5,300.6,301.34,310905
AAPL,201010141005,301.33,301.56,301.23,301.27,220832
AAPL,201010141010,301.32,301.77,301.14,301.53,297585
AAPL,201010141015,301.6,302.09,301.53,301.93,333402
AAPL,201010141020,301.94,302.21,301.75,302.06,281971
AAPL,201010141025,302.05,302.05,301.7,301.86,154517
AAPL,201010141030,301.83,302.1,301.7,301.91,140949
AAPL,201010141035,301.94,302.1,301.85,302.09,156172
AAPL,201010141040,302.07,302.09,301.86,301.97,147060
AAPL,201010141045,302,302.34,301.96,302.28,221835
AAPL,201010141050,302.26,302.47,302.18,302.32,195187
AAPL,201010141055,302.34,302.35,302.07,302.16,95944
AAPL,201010141100,302.17,302.3,302.02,302.1,143091
AAPL,201010141105,302.08,302.1,301.83,302.03,159316
AAPL,201010141110,302.05,302.07,301.82,301.98,113300
AAPL,201010141115,301.98,302,301.62,301.64,136978
AAPL,201010141120,301.7,301.74,301.5,301.56,181821
AAPL,201010141125,301.57,301.85,301.45,301.79,151337
AAPL,201010141130,301.8,301.88,301.5,301.65,152319
AAPL,201010141135,301.57,301.72,301.5,301.55,89729
AAPL,201010141140,301.58,301.74,301.37,301.44,197846
AAPL,201010141145,301.43,301.72,301.35,301.47,354028
AAPL,201010141150,301.46,301.72,301.42,301.7,124753
AAPL,201010141155,301.7,301.73,301.55,301.7,78376
AAPL,201010141200,301.68,301.92,301.62,301.83,152871
AAPL,201010141205,301.88,302,301.72,301.79,94694
AAPL,201010141210,301.76,302,301.7,301.81,81843
AAPL,201010141215,301.8,301.81,301.53,301.7,73348
AAPL,201010141220,301.69,301.72,301.45,301.58,71397
AAPL,201010141225,301.58,301.64,301.2,301.37,201825
AAPL,201010141230,301.37,301.46,300.88,301.38,210269
AAPL,201010141235,301.38,301.61,301.35,301.44,174806
AAPL,201010141240,301.44,301.44,301.25,301.27,80413
AAPL,201010141245,301.27,301.37,301.16,301.26,96568
AAPL,201010141250,301.28,301.45,301.25,301.38,75320
AAPL,201010141255,301.38,301.55,301.34,301.36,81328
AAPL,201010141300,301.39,301.4,300.97,301.2,197100
AAPL,201010141305,301.2,301.25,300.52,300.74,313979
AAPL,201010141310,300.72,301.16,300.7,301.02,162719
AAPL,201010141315,301.01,301.1,300.72,300.87,101727
AAPL,201010141320,300.88,300.99,300.71,300.94,118871
AAPL,201010141325,300.96,301.24,300.94,301.17,95131
AAPL,201010141330,301.18,301.48,300.96,301.45,146867
AAPL,201010141335,301.42,301.68,301.31,301.62,145951
AAPL,201010141340,301.63,301.63,301.3,301.32,98350
AAPL,201010141345,301.32,301.48,301.12,301.43,106212
AAPL,201010141350,301.43,301.6,301.12,301.5,94116
AAPL,201010141355,301.52,301.6,301.34,301.58,83259
AAPL,201010141400,301.54,301.58,301.17,301.37,81652
AAPL,201010141405,301.38,301.43,301.17,301.3,69202
AAPL,201010141410,301.35,301.46,301.24,301.41,64113
AAPL,201010141415,301.42,301.42,301.03,301.22,92138
AAPL,201010141420,301.3,301.36,301.05,301.12,58538
AAPL,201010141425,301.11,301.25,301.02,301.05,93015
AAPL,201010141430,301.05,301.14,300.8,300.81,114015
AAPL,201010141435,300.88,301.2,300.8,300.94,115729
AAPL,201010141440,300.95,301.14,300.81,301.07,88645
AAPL,201010141445,301.09,301.14,300.8,301.11,149620
AAPL,201010141450,301.13,301.24,301.04,301.19,83779
AAPL,201010141455,301.2,301.25,300.82,300.94,131941
AAPL,201010141500,300.95,300.96,300.65,300.84,192060
AAPL,201010141505,300.82,301.15,300.78,301.04,99674
AAPL,201010141510,301.07,301.39,300.94,301.34,168226
AAPL,201010141515,301.34,301.41,301.12,301.28,85387
AAPL,201010141520,301.32,301.6,301.3,301.48,173186
AAPL,201010141525,301.48,301.6,301.36,301.36,116595
AAPL,201010141530,301.37,301.56,301.36,301.44,122328
AAPL,201010141535,301.45,301.8,301.41,301.71,215143
AAPL,201010141540,301.66,301.79,301.55,301.74,129988
AAPL,201010141545,301.73,301.88,301.7,301.82,218140
AAPL,201010141550,301.86,302,301.81,301.97,260825
AAPL,201010141555,302,302.3,301.95,302.27,522051
AAPL,201010141600,302.25,303.82,302.2,303.8,406033
AAPL,201010141605,303.75,303.8,303.1,303.5,15272
AAPL,201010141610,303.5,304.25,301.8,304.13,29057
AAPL,201010141615,304.19,304.41,304,304.3,41948
AAPL,201010141620,304.3,304.37,304.1,304.15,14205
AAPL,201010141625,304.25,304.74,304.25,304.71,25299
AAPL,201010141630,304.74,305.4,304.7,305.1,34899
AAPL,201010141635,305.1,305.29,305.06,305.15,24684
AAPL,201010141640,305.2,305.2,304.9,304.99,14481
AAPL,201010141645,304.99,305.15,300.14,305.09,41775
AAPL,201010141650,305.13,305.33,304.94,305.33,9915
AAPL,201010141655,305.36,305.4,305.2,305.24,8407
AAPL,201010150900,305.9,306,305.26,305.95,40927
AAPL,201010150905,305.94,306.87,305.93,306.8,49084
AAPL,201010150910,306.81,307.25,306.81,306.94,33874
AAPL,201010150915,306.94,307.02,306.52,306.7,26106
AAPL,201010150920,306.67,306.9,306.6,306.75,17149
AAPL,201010150925,306.56,307.4,306.56,307.33,67624
AAPL,201010150930,307.44,307.45,305.51,305.62,2681065
AAPL,201010150935,305.61,305.99,304.91,305.19,884360
AAPL,201010150940,305.08,305.9,304.91,305.71,706391
AAPL,201010150945,305.71,306.2,305.5,305.87,493200
AAPL,201010150950,305.92,306.5,305.86,306.42,472134
AAPL,201010150955,306.42,307.08,306.18,306.92,627353
AAPL,201010151000,306.98,307.05,305.4,305.74,723500
AAPL,201010151005,305.74,306.35,305.25,305.95,538456
AAPL,201010151010,305.91,306.87,305.9,306.53,449272
AAPL,201010151015,306.56,306.66,305.66,305.9,496938
AAPL,201010151020,305.85,306.2,305.83,306.06,320479
AAPL,201010151025,306.07,306.52,305.66,306.42,398482
AAPL,201010151030,306.41,306.44,305.92,306.35,261385
AAPL,201010151035,306.38,306.6,306.19,306.55,289496
AAPL,201010151040,306.56,306.94,306.5,306.89,258785
AAPL,201010151045,306.93,307.08,306.72,306.81,315246
AAPL,201010151050,306.8,307.22,306.72,307.19,247991
AAPL,201010151055,307.2,307.81,307.07,307.68,508579
AAPL,201010151100,307.68,307.87,307.42,307.51,275776
AAPL,201010151105,307.5,308.09,307.3,308,406786
AAPL,201010151110,308,308.93,308,308.81,563119
AAPL,201010151115,308.81,309.55,308.81,309,758645
AAPL,201010151120,309,309.05,308.34,308.81,518364
AAPL,201010151125,308.8,309.43,308.75,309.43,438581
AAPL,201010151130,309.42,310.2,309.42,310.14,793073
AAPL,201010151135,310.11,310.47,309.62,309.64,554104
AAPL,201010151140,309.64,310.09,309.59,309.87,402901
AAPL,201010151145,309.86,310.16,309.65,309.84,304625
AAPL,201010151150,309.85,309.93,309.55,309.72,274728
AAPL,201010151155,309.7,309.97,309.39,309.46,321979
AAPL,201010151200,309.46,309.6,309.12,309.33,374954
AAPL,201010151205,309.33,309.46,309.1,309.17,280130
AAPL,201010151210,309.17,309.49,309.1,309.42,144255
AAPL,201010151215,309.4,310.05,309.3,309.86,237893
AAPL,201010151220,309.95,310.1,309.72,309.88,233888
AAPL,201010151225,309.87,309.94,309.53,309.74,151969
AAPL,201010151230,309.72,310,309.64,309.78,170087
AAPL,201010151235,309.79,309.9,309.5,309.85,212210
AAPL,201010151240,309.84,310,309.71,309.93,146153
AAPL,201010151245,309.89,309.98,309.78,309.85,141693
AAPL,201010151250,309.86,309.94,309.51,309.59,238669
AAPL,201010151255,309.59,309.67,309.37,309.42,201972
AAPL,201010151300,309.42,309.75,309.4,309.63,122254
AAPL,201010151305,309.6,309.88,309.54,309.8,114387
AAPL,201010151310,309.8,309.87,309.53,309.66,96284
AAPL,201010151315,309.69,309.75,309.6,309.6,76545
AAPL,201010151320,309.64,309.83,309.6,309.74,93797
AAPL,201010151325,309.77,310.04,309.74,309.95,162456
AAPL,201010151330,309.99,310.15,309.85,309.92,201754
AAPL,201010151335,309.93,310.26,309.93,310.13,230886
AAPL,201010151340,310.12,310.2,309.66,309.84,205828
AAPL,201010151345,309.86,310.07,309.6,310.07,184282
AAPL,201010151350,310.01,310.23,309.98,310.02,253440
AAPL,201010151355,310.04,310.22,309.79,310.2,182874
AAPL,201010151400,310.16,310.19,309.75,309.99,153896
AAPL,201010151405,309.96,310.24,309.87,310.17,234040
AAPL,201010151410,310.17,310.24,310.07,310.2,242215
AAPL,201010151415,310.2,310.25,310.05,310.17,162040
AAPL,201010151420,310.12,310.2,310.05,310.16,102939
AAPL,201010151425,310.17,310.24,310.1,310.15,135719
AAPL,201010151430,310.17,310.53,310.11,310.44,369953
AAPL,201010151435,310.43,310.87,310.4,310.8,409759
AAPL,201010151440,310.8,310.82,310.34,310.5,279895
AAPL,201010151445,310.51,310.75,310.5,310.7,139718
AAPL,201010151450,310.72,310.87,310.64,310.8,242069
AAPL,201010151455,310.77,310.87,310.74,310.79,289999
AAPL,201010151500,310.78,310.82,310.6,310.68,245140
AAPL,201010151505,310.65,310.74,310.15,310.37,370831
AAPL,201010151510,310.37,310.45,310.15,310.3,292776
AAPL,201010151515,310.31,310.67,310.23,310.54,258361
AAPL,201010151520,310.54,310.68,310.47,310.63,209743
AAPL,201010151525,310.63,310.75,310.59,310.67,195660
AAPL,201010151530,310.68,311.1,310.6,311.1,497650
AAPL,201010151535,311.07,312.26,311.04,312.02,891266
AAPL,201010151540,312,312.15,311.8,311.87,500988
AAPL,201010151545,311.84,312.15,311.7,312.14,678273
AAPL,201010151550,312.15,313.79,312.14,313.73,1310639
AAPL,201010151555,313.72,315,313.5,314.97,1648469
AAPL,201010151600,315,315,314.5,314.89,728846
AAPL,201010151605,314.89,315.47,314.8,315.08,39858
AAPL,201010151610,315.13,315.19,314.9,314.91,27703
AAPL,201010151615,314.91,315.01,314.84,314.92,16691
AAPL,201010151620,314.9,315.35,314.87,315.24,18482
AAPL,201010151625,315.12,315.3,315.12,315.3,3370
AAPL,201010151630,315.25,315.47,315.21,315.4,8458
AAPL,201010151635,315.33,315.65,315.32,315.45,9671
AAPL,201010151640,315.55,315.74,315,315.74,29001
AAPL,201010151645,315.66,315.8,315.63,315.75,11548
AAPL,201010151650,315.79,315.99,315.5,315.67,50693
AAPL,201010151655,315.67,315.9,315.6,315.9,33800
AAPL,201010180900,318.75,318.85,318.52,318.59,23242
AAPL,201010180905,318.59,318.65,318.4,318.46,30980
AAPL,201010180910,318.48,318.7,318.48,318.64,31640
AAPL,201010180915,318.63,318.77,318.29,318.35,25433
AAPL,201010180920,318.38,318.54,318.15,318.24,29393
AAPL,201010180925,318.2,318.91,318.15,318.47,69533
AAPL,201010180930,318.47,319,316.5,316.6,1933886
AAPL,201010180935,316.57,316.71,314.29,315.98,1960196
AAPL,201010180940,315.98,317.41,315.82,317.06,1319128
AAPL,201010180945,317.06,318.44,317.01,318.27,908278
AAPL,201010180950,318.25,318.3,317.12,317.15,788289
AAPL,201010180955,317.12,317.85,316.71,317.33,598378
AAPL,201010181000,317.35,317.5,316.1,316.12,627473
AAPL,201010181005,316.15,317.43,316.1,316.92,617413
AAPL,201010181010,316.9,317.17,316.52,316.93,529570
AAPL,201010181015,316.92,317.9,316.89,317.03,578698
AAPL,201010181020,317.04,317.44,316.98,317.03,383206
AAPL,201010181025,317.03,317.32,316.8,316.93,330684
AAPL,201010181030,316.92,317.02,316.44,316.68,410521
AAPL,201010181035,316.68,317,316.33,316.97,421558
AAPL,201010181040,316.91,317,316.59,316.73,264021
AAPL,201010181045,316.73,316.89,316.52,316.56,189424
AAPL,201010181050,316.56,316.84,316.32,316.59,330105
AAPL,201010181055,316.62,316.8,316.31,316.75,206358
AAPL,201010181100,316.78,316.95,316.6,316.81,276902
AAPL,201010181105,316.84,316.86,316.45,316.48,227740
AAPL,201010181110,316.46,316.55,316.16,316.31,410298
AAPL,201010181115,316.31,316.38,316.07,316.17,282174
AAPL,201010181120,316.16,316.95,316.14,316.78,279899
AAPL,201010181125,316.79,316.81,316,316.77,199807
AAPL,201010181130,316.79,316.79,316.4,316.48,202438
AAPL,201010181135,316.47,316.52,316.25,316.38,219808
AAPL,201010181140,316.38,316.5,316,316.2,194086
AAPL,201010181145,316.23,316.39,316.13,316.25,250240
AAPL,201010181150,316.27,316.4,316,316.02,320787
AAPL,201010181155,316.02,316.29,315.94,316.29,333222
AAPL,201010181200,316.29,316.63,316.14,316.55,252829
AAPL,201010181205,316.53,316.75,316.41,316.58,174226
AAPL,201010181210,316.58,316.62,316.4,316.5,162057
AAPL,201010181215,316.5,316.77,316.47,316.61,200128
AAPL,201010181220,316.6,316.7,316.42,316.6,132747
AAPL,201010181225,316.61,316.63,316.49,316.6,143236
AAPL,201010181230,316.62,316.73,316.38,316.62,141431
AAPL,201010181235,316.61,316.69,316.39,316.61,213310
AAPL,201010181240,316.59,316.63,316.44,316.48,227684
AAPL,201010181245,316.48,316.49,316.1,316.14,255972
AAPL,201010181250,316.13,316.21,315.85,315.89,414603
AAPL,201010181255,315.87,315.9,315,315.14,638935
AAPL,201010181300,315.13,315.64,315.13,315.37,339031
AAPL,201010181305,315.37,315.63,315.08,315.41,339142
AAPL,201010181310,315.43,315.7,315.31,315.59,256720
AAPL,201010181315,315.6,315.9,315.56,315.76,239554
AAPL,201010181320,315.76,315.86,315.39,315.45,212246
AAPL,201010181325,315.45,315.8,315.41,315.66,188366
AAPL,201010181330,315.67,315.75,315.53,315.72,165901
AAPL,201010181335,315.71,315.73,315.53,315.62,186654
AAPL,201010181340,315.62,315.65,315.49,315.51,172275
AAPL,201010181345,315.51,315.59,315.4,315.5,194725
AAPL,201010181350,315.5,315.51,315.1,315.15,310754
AAPL,201010181355,315.12,315.14,314.44,314.58,667781
AAPL,201010181400,314.55,315.43,314.37,315.21,418313
AAPL,201010181405,315.21,315.74,314.77,315.08,312087
AAPL,201010181410,315.06,315.5,314.96,315.38,281006
AAPL,201010181415,315.39,316.3,315.29,315.96,538663
AAPL,201010181420,315.96,316.25,315.56,316.12,324679
AAPL,201010181425,316.12,316.24,315.75,315.88,310341
AAPL,201010181430,315.85,316.17,315.57,315.95,367364
AAPL,201010181435,315.95,316.12,315.57,315.62,304262
AAPL,201010181440,315.63,315.92,315.44,315.78,240321
AAPL,201010181445,315.78,316.21,315.78,316.21,256588
AAPL,201010181450,316.19,316.3,315.73,315.84,277565
AAPL,201010181455,315.83,315.98,315.43,315.55,341879
AAPL,201010181500,315.55,316.05,315.55,316,246323
AAPL,201010181505,316,316.74,315.96,316.65,413975
AAPL,201010181510,316.68,316.78,316.48,316.61,319679
AAPL,201010181515,316.58,316.78,316.36,316.47,352943
AAPL,201010181520,316.46,317,316.43,316.92,395195
AAPL,201010181525,317,317.2,316.83,317.14,415925
AAPL,201010181530,317.16,317.82,317.14,317.74,541458
AAPL,201010181535,317.69,317.88,317.21,317.23,579809
AAPL,201010181540,317.24,317.76,317.16,317.61,524124
AAPL,201010181545,317.61,317.79,317.4,317.76,627441
AAPL,201010181550,317.75,318.2,317.75,317.9,983230
AAPL,201010181555,317.93,318.11,317.77,317.92,1040917
AAPL,201010181600,317.99,318.46,315.74,318.3,220015
AAPL,201010181605,318.22,318.25,313.01,316,61408
AAPL,201010181610,315.92,316.62,315.69,316.62,28018
AAPL,201010181615,316.6,317.24,316.02,316.43,26365
AAPL,201010181620,316.45,316.5,315.88,316.25,22165
AAPL,201010181625,316.26,316.5,316.2,316.2,7891
AAPL,201010181630,317.9,317.9,317.9,317.9,2700
AAPL,201010181635,316.43,316.5,315.88,316.26,22116
AAPL,201010181640,316.25,316.5,316.2,316.2,8040
AAPL,201010181645,300,300,300,300,43363
AAPL,201010181650,299.97,318,292.75,298.32,1689472
AAPL,201010181655,298.32,298.93,295.28,297.85,724612
AAPL,201010190900,305.12,305.16,303.37,303.4,151192
AAPL,201010190905,303.41,303.75,302.56,303.4,158221
AAPL,201010190910,303.25,304.14,303.23,303.42,70795
AAPL,201010190915,303.47,303.5,301.8,302.05,93561
AAPL,201010190920,301.97,302.67,301.6,301.89,93983
AAPL,201010190925,301.88,303.42,300.77,303.38,203676
AAPL,201010190930,303.4,304.8,300.02,304.51,2934926
AAPL,201010190935,304.43,307.9,304.43,307.55,2154300
AAPL,201010190940,307.58,308,304.15,304.26,1643739
AAPL,201010190945,304.24,306.46,304.19,306.16,1145075
AAPL,201010190950,306.08,306.45,305.37,306.19,948544
AAPL,201010190955,306.2,308,305.99,307.5,1175233
AAPL,201010191000,307.53,309.75,306.62,309.69,1483933
AAPL,201010191005,309.75,311.07,308.33,311.06,1537297
AAPL,201010191010,311,312.21,310.7,310.92,1508279
AAPL,201010191015,310.86,313,310.77,311.66,1141632
AAPL,201010191020,311.64,312.33,311.33,311.89,738159
AAPL,201010191025,311.9,312.45,311.45,312.01,744540
AAPL,201010191030,312.11,313.77,312.02,312.99,894556
AAPL,201010191035,312.95,313.19,311.64,311.8,635818
AAPL,201010191040,311.8,312.36,311.26,311.45,462623
AAPL,201010191045,311.47,312.21,311.4,312.13,292088
AAPL,201010191050,312.14,312.91,311.8,312.1,427239
AAPL,201010191055,312.11,312.75,311.61,311.72,407048
AAPL,201010191100,311.73,311.92,310.41,311.12,668050
AAPL,201010191105,311.12,311.2,309.57,309.69,576938
AAPL,201010191110,309.59,310.17,309.55,309.92,486667
AAPL,201010191115,309.9,310.45,309.65,310.2,292554
AAPL,201010191120,310.22,310.28,309.41,309.77,328329
AAPL,201010191125,309.77,310.1,309.65,309.9,280581
AAPL,201010191130,309.88,310.25,309.85,310.11,248516
AAPL,201010191135,310.1,311.16,310.01,311.04,398041
AAPL,201010191140,311.03,311.55,310.93,311.31,301110
AAPL,201010191145,311.34,311.89,311.25,311.61,386983
AAPL,201010191150,311.6,311.64,311.02,311.34,257794
AAPL,201010191155,311.32,312.36,311.26,311.72,342147
AAPL,201010191200,311.78,312.25,311.75,312.18,211034
AAPL,201010191205,312.16,312.7,311.93,311.93,370736
AAPL,201010191210,311.92,312.33,311.6,312.15,227522
AAPL,201010191215,312.14,312.49,311.69,311.76,193229
AAPL,201010191220,311.76,311.81,311.21,311.21,255530
AAPL,201010191225,311.24,311.64,311.06,311.48,137918
AAPL,201010191230,311.49,311.63,311.24,311.33,127569
AAPL,201010191235,311.3,311.58,311.07,311.46,193755
AAPL,201010191240,311.48,312.22,311.38,312.08,198753
AAPL,201010191245,312.09,312.09,311.58,311.87,186442
AAPL,201010191250,311.87,311.93,311.39,311.81,147707
AAPL,201010191255,311.82,312.12,311.57,312.07,200330
AAPL,201010191300,312.09,312.1,311.65,311.73,133512
AAPL,201010191305,311.78,311.85,311.1,311.39,215293
AAPL,201010191310,311.41,311.49,310.72,311.01,269714
AAPL,201010191315,311.06,311.35,310.92,311.34,210243
AAPL,201010191320,311.33,311.62,310.91,310.97,194107
AAPL,201010191325,310.91,311,310.3,310.31,265249
AAPL,201010191330,310.3,310.6,310.2,310.34,231144
AAPL,201010191335,310.32,310.68,310.03,310.6,211119
AAPL,201010191340,310.55,310.7,310.38,310.53,179969
AAPL,201010191345,310.55,310.56,309.69,310.3,367346
AAPL,201010191350,310.26,310.3,309.7,309.71,261205
AAPL,201010191355,309.75,309.8,308.66,309.07,535739
AAPL,201010191400,309.07,309.12,306.68,306.76,898070
AAPL,201010191405,306.84,308.29,306.84,307.88,690640
AAPL,201010191410,307.8,308.51,307.4,308.3,405677
AAPL,201010191415,308.34,308.71,307.94,308.33,338607
AAPL,201010191420,308.28,308.7,308,308.14,310040
AAPL,201010191425,308.07,308.55,307.57,307.89,475025
AAPL,201010191430,307.91,309,307.57,308.99,358293
AAPL,201010191435,308.97,309.21,308.34,308.58,383821
AAPL,201010191440,308.58,308.78,308.18,308.75,157433
AAPL,201010191445,308.75,309.55,308.53,309.28,287544
AAPL,201010191450,309.28,309.73,309.06,309.33,335937
AAPL,201010191455,309.31,309.88,308.82,308.92,282408
AAPL,201010191500,308.97,309.23,308.34,308.71,247151
AAPL,201010191505,308.73,308.92,307.54,307.91,418763
AAPL,201010191510,307.91,308.56,307.38,307.85,363568
AAPL,201010191515,307.85,308.45,307.77,308.21,245787
AAPL,201010191520,308.17,308.75,307.82,308.25,239522
AAPL,201010191525,308.2,308.67,307.2,307.37,350415
AAPL,201010191530,307.37,307.52,306.32,307.06,652165
AAPL,201010191535,307,308.1,306.94,307.75,366235
AAPL,201010191540,307.76,307.89,307,307.49,336176
AAPL,201010191545,307.45,308.25,307.24,308.04,422404
AAPL,201010191550,308.09,308.59,307.73,308.57,436004
AAPL,201010191555,308.56,309.65,308.55,309.65,842418
AAPL,201010191600,309.5,309.69,309.44,309.48,217942
AAPL,201010191605,309.5,309.65,309.4,309.56,18699
AAPL,201010191610,309.56,309.59,309.4,309.49,6750
AAPL,201010191615,309.49,309.49,309.25,309.35,5157
AAPL,201010191620,309.34,309.34,309.15,309.19,6147
AAPL,201010191625,309.34,309.34,309.18,309.28,1450
AAPL,201010191630,309.2,309.29,309.15,309.15,7200
AAPL,201010191635,309.04,309.04,309,309,6446
AAPL,201010191640,309.01,309.01,308.88,308.94,2100
AAPL,201010191645,308.8,308.9,308.75,308.75,2502
AAPL,201010191650,308.78,308.78,308.6,308.6,3695
AAPL,201010191655,308.61,308.7,308.32,308.7,2704
AAPL,201010200900,308.77,309.06,308.77,309.06,9887
AAPL,201010200905,308.95,309.07,308.89,309,4000
AAPL,201010200910,308.95,309.36,308.9,309.18,9013
AAPL,201010200915,309.14,309.16,308.9,308.9,7984
AAPL,201010200920,308.9,308.9,308.53,308.7,14606
AAPL,201010200925,308.79,309.25,308.7,308.99,11017
AAPL,201010200930,309,310.8,308.76,310.11,895222
AAPL,201010200935,310.09,310.45,308,308.17,771423
AAPL,201010200940,308.21,309.99,308.01,309.8,561224
AAPL,201010200945,309.84,310,308.36,308.58,472798
AAPL,201010200950,308.6,309.3,307.91,308.46,450606
AAPL,201010200955,308.4,309.02,308.38,308.88,355100
AAPL,201010201000,308.9,309.21,308.56,308.73,348362
AAPL,201010201005,308.73,309.11,308.02,308.1,408781
AAPL,201010201010,308.09,308.4,306.87,307.79,678082
AAPL,201010201015,307.77,307.82,307.3,307.59,304528
AAPL,201010201020,307.51,308.24,307.51,308.12,340140
AAPL,201010201025,308.09,308.5,308.05,308.35,230573
AAPL,201010201030,308.32,308.93,308.26,308.85,307496
AAPL,201010201035,308.84,309.06,307.9,307.97,266423
AAPL,201010201040,307.9,308.96,307.9,308.75,240018
AAPL,201010201045,308.81,309.85,308.72,309.68,504323
AAPL,201010201050,309.69,310.17,309.44,309.81,461194
AAPL,201010201055,309.84,310.1,309.38,309.63,365616
AAPL,201010201100,309.68,309.85,309.3,309.4,165838
AAPL,201010201105,309.41,309.93,309.15,309.93,268331
AAPL,201010201110,309.95,310.15,309.63,309.9,265608
AAPL,201010201115,309.86,310.8,309.75,310.74,284888
AAPL,201010201120,310.74,311.37,310.52,311.2,456004
AAPL,201010201125,311.21,312.12,311,311.57,612698
AAPL,201010201130,311.54,312.15,311.52,311.76,297412
AAPL,201010201135,311.76,312.5,311.66,312.5,367327
AAPL,201010201140,312.5,312.87,312.3,312.72,357742
AAPL,201010201145,312.69,313.5,312.63,312.85,504242
AAPL,201010201150,312.86,313.05,312.7,313.01,209554
AAPL,201010201155,313.05,313.05,312.33,312.49,250211
AAPL,201010201200,312.46,313.31,312.4,313.17,272144
AAPL,201010201205,313.13,313.62,313.05,313.18,345178
AAPL,201010201210,313.17,314.25,313.17,313.94,421155
AAPL,201010201215,313.95,314.19,313.75,314,254662
AAPL,201010201220,314.01,314.1,313.64,313.83,227521
AAPL,201010201225,313.83,313.86,313.3,313.56,193228
AAPL,201010201230,313.58,313.86,313.39,313.67,112705
AAPL,201010201235,313.72,313.83,313.11,313.24,163646
AAPL,201010201240,313.23,313.25,312.6,312.79,242582
AAPL,201010201245,312.78,313.3,312.71,313.21,152466
AAPL,201010201250,313.19,313.27,312.86,312.86,98780
AAPL,201010201255,312.86,312.87,312.6,312.82,160131
AAPL,201010201300,312.82,313.27,312.75,313.06,184088
AAPL,201010201305,313.05,313.13,312.77,312.94,162365
AAPL,201010201310,312.94,312.94,312.05,312.52,345902
AAPL,201010201315,312.53,313.09,312.48,312.71,172158
AAPL,201010201320,312.7,313.44,312.69,313.39,183310
AAPL,201010201325,313.36,313.39,313.05,313.2,130852
AAPL,201010201330,313.22,313.37,313.02,313.05,118975
AAPL,201010201335,313.03,313.05,312.42,312.45,173437
AAPL,201010201340,312.42,312.97,312.42,312.96,104311
AAPL,201010201345,312.92,312.92,312.34,312.52,131200
AAPL,201010201350,312.5,312.83,312.5,312.64,84408
AAPL,201010201355,312.67,312.89,312.16,312.27,210197
AAPL,201010201400,312.29,313.15,311.71,311.75,403372
AAPL,201010201405,311.81,312.14,311.21,311.33,494388
AAPL,201010201410,311.32,312.44,311.2,311.96,468030
AAPL,201010201415,311.96,312.68,311.83,312.41,345300
AAPL,201010201420,312.41,312.6,312.03,312.24,192975
AAPL,201010201425,312.24,312.57,311.83,311.94,253431
AAPL,201010201430,311.97,312.47,311.71,312.36,273778
AAPL,201010201435,312.41,312.52,312.11,312.36,195786
AAPL,201010201440,312.32,312.7,312.15,312.63,268293
AAPL,201010201445,312.62,312.67,312,312.11,264944
AAPL,201010201450,312.15,312.44,311.88,312.26,188142
AAPL,201010201455,312.25,312.4,311.7,312.26,248864
AAPL,201010201500,312.26,312.5,312.04,312.19,165225
AAPL,201010201505,312.18,312.36,311.71,312.21,324058
AAPL,201010201510,312.23,312.37,312,312.16,161792
AAPL,201010201515,312.16,312.5,312.14,312.44,196801
AAPL,201010201520,312.45,312.75,312.4,312.58,290290
AAPL,201010201525,312.61,312.88,312.51,312.88,207808
AAPL,201010201530,312.86,312.92,312.62,312.68,225752
AAPL,201010201535,312.67,312.75,311.61,312,442929
AAPL,201010201540,312,312.12,311.23,311.31,370006
AAPL,201010201545,311.39,311.86,311.31,311.51,303694
AAPL,201010201550,311.55,311.86,310.29,310.38,632178
AAPL,201010201555,310.41,310.82,309.92,310.53,921044
AAPL,201010201600,310.46,310.7,310.3,310.5,222400
AAPL,201010201605,310.43,310.5,310.15,310.48,6652
AAPL,201010201610,310.56,310.59,310.48,310.48,1100
AAPL,201010201615,310.5,310.74,310.4,310.74,4766
AAPL,201010201620,310.7,310.78,310.56,310.56,4648
AAPL,201010201625,310.66,310.7,310.55,310.66,4331
AAPL,201010201630,310.65,310.9,310.65,310.83,8184
AAPL,201010201635,310.83,311.06,310.8,311.06,3616
AAPL,201010201640,311.09,311.18,311.06,311.1,3500
AAPL,201010201645,311.14,311.15,311.14,311.15,478
AAPL,201010201650,311.19,311.26,311.15,311.26,2730
AAPL,201010201655,311.24,311.24,311.09,311.09,4605
AAPL,201010210900,313.16,313.19,312.8,312.82,9666
AAPL,201010210905,312.8,312.89,312.64,312.65,6770
AAPL,201010210910,312.66,312.84,312.58,312.82,6913
AAPL,201010210915,312.79,313,312.7,312.98,5530
AAPL,201010210920,313,313,312.86,313,2270
AAPL,201010210925,312.98,312.98,312.35,312.37,11000
AAPL,201010210930,312.36,312.44,311.12,311.83,718291
AAPL,201010210935,311.82,313.12,311.51,312.97,624766
AAPL,201010210940,312.95,314.74,312.88,313.94,924027
AAPL,201010210945,313.99,314.2,313.3,313.71,537326
AAPL,201010210950,313.76,313.82,313.09,313.4,304320
AAPL,201010210955,313.33,313.95,313.28,313.71,217681
AAPL,201010211000,313.59,313.66,312.6,313.2,434762
AAPL,201010211005,313.19,314.3,312.83,314.14,483413
AAPL,201010211010,314.07,314.23,313.68,313.74,443195
AAPL,201010211015,313.74,313.77,312.8,313.12,288124
AAPL,201010211020,313.16,313.47,312.9,313.34,199358
AAPL,201010211025,313.43,313.5,312.92,313.15,256036
AAPL,201010211030,313.16,313.46,313.05,313.15,169880
AAPL,201010211035,313.22,313.31,312.8,312.88,186580
AAPL,201010211040,312.89,313.19,312.62,312.74,273381
AAPL,201010211045,312.71,313,312.36,313,253986
AAPL,201010211050,312.99,313,312.57,312.69,112023
AAPL,201010211055,312.68,312.88,312.62,312.85,100280
AAPL,201010211100,312.83,313.25,312.81,313,214506
AAPL,201010211105,313.02,313.31,312.5,312.52,188450
AAPL,201010211110,312.55,312.75,311.94,311.99,307939
AAPL,201010211115,311.98,312.31,311.7,311.9,235981
AAPL,201010211120,311.91,312.3,311.72,311.84,140842
AAPL,201010211125,311.85,311.94,311.44,311.76,290779
AAPL,201010211130,311.74,312.23,311.72,312.06,122607
AAPL,201010211135,312.09,312.09,310.59,310.85,342730
AAPL,201010211140,310.88,310.92,310.08,310.2,488124
AAPL,201010211145,310.2,310.89,310.13,310.74,209703
AAPL,201010211150,310.75,310.8,310.41,310.7,136581
AAPL,201010211155,310.67,311.2,310.62,311.06,202571
AAPL,201010211200,311.05,311.12,310.7,310.84,118702
AAPL,201010211205,310.85,311,310.6,310.93,91833
AAPL,201010211210,310.93,311.13,310.73,310.8,77357
AAPL,201010211215,310.85,311.08,310.65,310.89,90699
AAPL,201010211220,310.89,311,310.32,310.5,147129
AAPL,201010211225,310.44,310.76,310.27,310.69,103462
AAPL,201010211230,310.64,310.67,310.15,310.25,118536
AAPL,201010211235,310.24,310.32,309.12,309.19,395633
AAPL,201010211240,309.22,309.86,309.01,309.74,232602
AAPL,201010211245,309.75,310,309.5,309.96,150046
AAPL,201010211250,310,310.55,309.9,310.26,196265
AAPL,201010211255,310.26,310.45,310.13,310.2,86100
AAPL,201010211300,310.2,310.82,310.2,310.78,119159
AAPL,201010211305,310.74,310.75,310.34,310.55,73815
AAPL,201010211310,310.58,310.76,310.34,310.5,77604
AAPL,201010211315,310.53,310.57,310.05,310.29,116683
AAPL,201010211320,310.31,310.52,310.05,310.18,76956
AAPL,201010211325,310.17,310.42,310.08,310.2,48357
AAPL,201010211330,310.22,310.28,309.4,309.56,186252
AAPL,201010211335,309.56,309.85,309.5,309.75,108881
AAPL,201010211340,309.75,310,309.41,309.55,104879
AAPL,201010211345,309.5,309.5,308.56,308.82,346039
AAPL,201010211350,308.88,308.94,308.17,308.57,345655
AAPL,201010211355,308.56,308.57,307.05,307.4,498124
AAPL,201010211400,307.47,307.95,306.8,307.84,520861
AAPL,201010211405,307.85,308.2,307.59,308.05,304669
AAPL,201010211410,308.04,308.3,307.44,307.95,203343
AAPL,201010211415,307.95,308.17,307.43,308.01,180383
AAPL,201010211420,308.06,308.1,307.51,307.59,139124
AAPL,201010211425,307.6,308.44,307.6,307.96,221152
AAPL,201010211430,307.96,308.58,307.9,308.3,182094
AAPL,201010211435,308.28,308.52,308.16,308.2,126967
AAPL,201010211440,308.19,308.7,308.04,308.5,152216
AAPL,201010211445,308.57,308.68,308.21,308.43,112750
AAPL,201010211450,308.45,308.85,308.04,308.82,187407
AAPL,201010211455,308.81,309.15,308.72,309.03,218462
AAPL,201010211500,309.07,309.36,308.92,309.19,145859
AAPL,201010211505,309.19,309.2,308.79,308.86,137959
AAPL,201010211510,308.84,309,308.5,309,150508
AAPL,201010211515,308.91,309.85,308.91,309.66,281346
AAPL,201010211520,309.69,309.95,309.51,309.95,223848
AAPL,201010211525,309.88,309.96,309.4,309.62,231179
AAPL,201010211530,309.61,309.95,309.47,309.61,167507
AAPL,201010211535,309.6,309.93,309.52,309.66,121445
AAPL,201010211540,309.66,309.8,309.04,309.42,171869
AAPL,201010211545,309.41,309.68,308.93,309.34,229664
AAPL,201010211550,309.37,309.47,309.09,309.26,182999
AAPL,201010211555,309.27,309.52,308.6,309.39,536087
AAPL,201010211600,309.5,310.27,308.8,308.8,355172
AAPL,201010211605,309.08,309.1,308.54,308.67,10671
AAPL,201010211610,308.67,310.23,308.35,308.6,43500
AAPL,201010211615,308.6,309.09,308.52,309,4796
AAPL,201010211620,309,309.17,308.9,309.05,3772
AAPL,201010211625,309,309,308.9,308.9,1402
AAPL,201010211630,308.76,308.94,308.76,308.81,696
AAPL,201010211635,308.85,308.85,308.85,308.85,470
AAPL,201010211640,308.88,308.88,308.88,308.88,300
AAPL,201010211645,308.78,308.84,308.78,308.84,257
AAPL,201010211650,308.79,308.83,308.65,308.65,1425
AAPL,201010211655,308.65,308.65,308.3,308.3,3655
AAPL,201010220900,309,309.75,308.82,309.58,14261
AAPL,201010220905,309.64,309.77,309.5,309.54,12409
AAPL,201010220910,309.55,310.28,309.55,309.67,40228
AAPL,201010220915,309.65,309.69,309.15,309.3,16360
AAPL,201010220920,309.3,309.35,309.27,309.27,1577
AAPL,201010220925,309.3,309.49,308.92,309.19,17708
AAPL,201010220930,309.07,309.25,307.83,308.64,676733
AAPL,201010220935,308.64,309.87,308.1,309.87,329230
AAPL,201010220940,309.77,310.04,309.43,309.57,390451
AAPL,201010220945,309.58,309.66,308.6,308.76,294611
AAPL,201010220950,308.81,308.86,308.26,308.4,266654
AAPL,201010220955,308.39,308.82,308.2,308.38,216038
AAPL,201010221000,308.39,308.39,307.3,307.95,365350
AAPL,201010221005,307.99,308.26,307.64,307.87,191930
AAPL,201010221010,307.89,308.02,307.13,307.82,245632
AAPL,201010221015,307.87,307.88,307.13,307.67,239119
AAPL,201010221020,307.59,308,307.3,307.62,206037
AAPL,201010221025,307.62,308,307.61,307.9,167467
AAPL,201010221030,307.9,308.74,307.83,308.71,228688
AAPL,201010221035,308.7,308.73,308.2,308.33,131442
AAPL,201010221040,308.35,308.56,308.2,308.42,85714
AAPL,201010221045,308.35,308.82,308.3,308.72,126148
AAPL,201010221050,308.74,309.1,308.63,309.1,184824
AAPL,201010221055,309.09,309.59,308.9,309.14,262163
AAPL,201010221100,309.1,309.48,308.79,309.47,160066
AAPL,201010221105,309.47,309.5,308.88,308.9,150907
AAPL,201010221110,308.9,309.32,308.47,308.48,153536
AAPL,201010221115,308.48,308.79,308.2,308.75,156919
AAPL,201010221120,308.72,308.84,308.38,308.43,92399
AAPL,201010221125,308.41,308.47,308.26,308.44,107073
AAPL,201010221130,308.47,308.97,308.43,308.97,153345
AAPL,201010221135,308.95,309.26,308.85,309.06,104105
AAPL,201010221140,309.08,309.13,308.77,308.83,68964
AAPL,201010221145,308.84,308.85,308.25,308.34,138318
AAPL,201010221150,308.29,308.54,308.21,308.49,76671
AAPL,201010221155,308.49,308.72,308.2,308.2,121832
AAPL,201010221200,308.21,308.5,308.1,308.46,138450
AAPL,201010221205,308.41,308.53,308.29,308.39,113020
AAPL,201010221210,308.39,308.45,308.21,308.28,77324
AAPL,201010221215,308.24,308.33,308.19,308.27,63056
AAPL,201010221220,308.32,308.61,308.26,308.59,118836
AAPL,201010221225,308.55,308.74,308.47,308.66,131377
AAPL,201010221230,308.65,308.71,308.25,308.25,94777
AAPL,201010221235,308.26,308.62,308.2,308.43,74552
AAPL,201010221240,308.41,308.53,308.25,308.42,50945
AAPL,201010221245,308.42,308.5,308.32,308.5,59841
AAPL,201010221250,308.5,308.5,308.15,308.21,87470
AAPL,201010221255,308.22,308.36,308.02,308.22,89053
AAPL,201010221300,308.17,308.28,308,308.08,65154
AAPL,201010221305,308.08,308.24,308.06,308.23,37460
AAPL,201010221310,308.22,308.24,308,308.17,75964
AAPL,201010221315,308.13,308.33,308.09,308.27,88793
AAPL,201010221320,308.24,308.26,308,308,79793
AAPL,201010221325,308.04,308.5,307.9,308.33,186241
AAPL,201010221330,308.35,308.39,308.15,308.29,53786
AAPL,201010221335,308.29,308.3,307.82,307.85,110336
AAPL,201010221340,307.83,308.07,307.81,307.96,62809
AAPL,201010221345,307.96,307.99,307.66,307.68,81850
AAPL,201010221350,307.67,307.83,307.5,307.76,164261
AAPL,201010221355,307.77,307.85,307.6,307.61,110359
AAPL,201010221400,307.63,307.8,307.51,307.51,82697
AAPL,201010221405,307.54,308,307.5,307.91,128113
AAPL,201010221410,307.95,308.24,307.91,307.98,99138
AAPL,201010221415,307.97,308.14,307.93,308.1,67928
AAPL,201010221420,308.12,308.41,308.1,308.35,125754
AAPL,201010221425,308.33,309,308.14,308.92,217363
AAPL,201010221430,308.86,308.88,308.36,308.44,143197
AAPL,201010221435,308.43,308.8,308.42,308.64,110690
AAPL,201010221440,308.64,308.76,308.41,308.7,92736
AAPL,201010221445,308.7,308.9,308.56,308.7,96855
AAPL,201010221450,308.72,308.87,308.27,308.27,100400
AAPL,201010221455,308.26,308.45,308.26,308.31,118292
AAPL,201010221500,308.31,308.33,308.06,308.27,141793
AAPL,201010221505,308.28,308.49,308.05,308.2,173214
AAPL,201010221510,308.21,308.4,307.79,307.93,183023
AAPL,201010221515,307.93,308,307.63,307.87,95320
AAPL,201010221520,307.87,308.1,307.81,307.85,121843
AAPL,201010221525,307.85,308.04,307.8,307.89,103219
AAPL,201010221530,307.87,308.04,307.78,307.89,101056
AAPL,201010221535,307.94,307.95,307.59,307.59,114047
AAPL,201010221540,307.61,307.65,307.36,307.37,252983
AAPL,201010221545,307.37,307.75,307.37,307.61,200321
AAPL,201010221550,307.63,307.94,307.58,307.65,267597
AAPL,201010221555,307.67,307.89,306.3,307.88,889455
AAPL,201010221600,307.81,307.87,307.26,307.26,386461
AAPL,201010221605,307.35,307.5,307.35,307.48,6063
AAPL,201010221610,307.41,307.63,307.4,307.57,9256
AAPL,201010221615,307.56,307.8,307.42,307.49,16241
AAPL,201010221620,307.87,307.87,307.42,307.51,1778
AAPL,201010221625,307.48,307.55,307.43,307.54,7619
AAPL,201010221630,307.51,307.55,307.5,307.51,4545
AAPL,201010221635,307.56,307.56,307.51,307.51,1564
AAPL,201010221640,307.51,307.58,307.5,307.5,3215
AAPL,201010221645,307.56,307.57,307.5,307.57,3887
AAPL,201010221650,307.56,307.57,307.49,307.57,2830
AAPL,201010221655,307.5,307.5,307.47,307.47,1280
AAPL,201010250900,308.84,308.9,308.81,308.88,1900
AAPL,201010250905,308.88,309.14,308.88,308.91,10350
AAPL,201010250910,308.91,309.04,308.91,308.98,2820
AAPL,201010250915,308.99,309,308.81,308.81,1900
AAPL,201010250920,308.81,309,308.81,308.93,2200
AAPL,201010250925,308.93,309.14,308.89,309.14,11480
AAPL,201010250930,309.09,309.97,308.44,309.91,690728
AAPL,201010250935,309.88,311.08,309.88,311.08,749469
AAPL,201010250940,311.08,311.6,310.45,310.71,607037
AAPL,201010250945,310.72,311.26,310.61,311.11,264902
AAPL,201010250950,311.03,311.19,310.8,310.9,174273
AAPL,201010250955,310.98,310.98,310.45,310.75,262143
AAPL,201010251000,310.75,311.1,310.04,310.48,359039
AAPL,201010251005,310.51,310.99,310.25,310.65,254285
AAPL,201010251010,310.64,311.08,310.56,310.63,236739
AAPL,201010251015,310.63,310.95,310.3,310.62,265331
AAPL,201010251020,310.62,311.29,310.39,311.03,432409
AAPL,201010251025,311.02,311.36,311.02,311.07,293351
AAPL,201010251030,311.09,311.26,310.2,310.33,323943
AAPL,201010251035,310.31,310.71,310.05,310.4,218987
AAPL,201010251040,310.43,310.58,309.6,309.84,265131
AAPL,201010251045,309.84,310.1,309.75,309.95,199626
AAPL,201010251050,309.98,310.06,309.61,310.05,150046
AAPL,201010251055,310.06,310.2,309.77,309.77,166022
AAPL,201010251100,309.8,309.93,309.25,309.33,188830
AAPL,201010251105,309.33,309.65,309.03,309.56,195488
AAPL,201010251110,309.55,309.86,309.41,309.79,134256
AAPL,201010251115,309.79,310,309.35,309.86,140704
AAPL,201010251120,309.86,310.06,309.58,310.04,75191
AAPL,201010251125,310.01,310.2,309.93,310.12,137495
AAPL,201010251130,310.09,310.31,310.09,310.27,113328
AAPL,201010251135,310.26,310.41,310.16,310.32,89574
AAPL,201010251140,310.34,310.41,310.2,310.39,60207
AAPL,201010251145,310.35,310.41,310.2,310.35,75947
AAPL,201010251150,310.36,310.39,309.86,309.92,88499
AAPL,201010251155,309.91,310.16,309.88,310.09,51985
AAPL,201010251200,310.05,310.15,309.88,309.92,37663
AAPL,201010251205,309.88,309.98,309.56,309.97,92774
AAPL,201010251210,309.93,310.04,309.86,309.89,56499
AAPL,201010251215,309.9,310.03,309.6,309.66,52351
AAPL,201010251220,309.61,310,309.56,309.76,100335
AAPL,201010251225,309.73,309.87,309.63,309.78,47532
AAPL,201010251230,309.79,309.86,309.61,309.73,34459
AAPL,201010251235,309.74,310,309.73,309.92,55197
AAPL,201010251240,309.93,310.19,309.78,310.14,100210
AAPL,201010251245,310.16,310.29,309.92,310,49823
AAPL,201010251250,309.99,310.06,309.78,309.92,43466
AAPL,201010251255,309.93,310.09,309.8,309.82,35898
AAPL,201010251300,309.8,310.1,309.73,310.06,51856
AAPL,201010251305,310.06,310.2,309.95,310.13,46403
AAPL,201010251310,310.13,310.24,309.99,309.99,42952
AAPL,201010251315,310.02,310.22,309.86,310.07,48826
AAPL,201010251320,310.1,310.3,310.04,310.23,50909
AAPL,201010251325,310.23,310.5,310.13,310.18,74284
AAPL,201010251330,310.22,310.49,310.12,310.16,70809
AAPL,201010251335,310.17,310.36,310.17,310.29,41631
AAPL,201010251340,310.29,310.63,310.26,310.6,135938
AAPL,201010251345,310.6,310.71,310.47,310.64,104427
AAPL,201010251350,310.61,310.62,310.37,310.41,106696
AAPL,201010251355,310.42,310.54,310.23,310.45,82801
AAPL,201010251400,310.45,310.55,310.32,310.36,66331
AAPL,201010251405,310.41,310.65,310.34,310.65,60882
AAPL,201010251410,310.64,310.7,310.49,310.58,91403
AAPL,201010251415,310.53,310.71,310.47,310.48,55549
AAPL,201010251420,310.49,310.72,310.47,310.59,55360
AAPL,201010251425,310.62,310.72,310.51,310.59,48999
AAPL,201010251430,310.59,310.8,310.51,310.6,101091
AAPL,201010251435,310.6,310.71,310.04,310.41,247042
AAPL,201010251440,310.4,310.41,309.91,310.14,103682
AAPL,201010251445,310.13,310.3,309.9,309.93,75449
AAPL,201010251450,309.93,310.3,309.91,310.27,121700
AAPL,201010251455,310.27,310.33,310.2,310.23,98697
AAPL,201010251500,310.21,310.45,310.2,310.33,244309
AAPL,201010251505,310.32,310.4,309.9,310.08,169847
AAPL,201010251510,310.08,310.1,309.56,309.59,198140
AAPL,201010251515,309.58,309.93,309.57,309.86,148598
AAPL,201010251520,309.88,310.17,309.8,309.96,195939
AAPL,201010251525,309.98,310.25,309.92,310.01,183823
AAPL,201010251530,310.02,310.2,309.94,310.01,102005
AAPL,201010251535,309.98,310.1,309.4,309.42,217143
AAPL,201010251540,309.41,309.8,309.25,309.42,175981
AAPL,201010251545,309.42,309.49,308.93,309.28,328348
AAPL,201010251550,309.26,309.4,308.97,309.07,308296
AAPL,201010251555,309.08,309.12,308.72,308.83,476313
AAPL,201010251600,308.84,309.1,308.57,308.6,564646
AAPL,201010251605,308.84,308.84,308.66,308.8,1450
AAPL,201010251610,308.84,308.86,308.81,308.85,51081
AAPL,201010251615,308.81,308.88,308.68,308.88,4908
AAPL,201010251620,308.88,308.88,308.61,308.67,14614
AAPL,201010251625,308.69,308.72,308.61,308.69,2698
AAPL,201010251630,308.69,308.7,308.62,308.69,5300
AAPL,201010251635,308.69,308.84,308.66,308.68,1870
AAPL,201010251640,308.66,308.7,308.66,308.7,1960
AAPL,201010251645,308.67,308.7,308.67,308.7,600
AAPL,201010251650,308.7,308.77,308.7,308.75,1600
AAPL,201010251655,308.72,308.72,308.72,308.72,100
AAPL,201010260900,307.34,307.4,306.7,306.7,33262
AAPL,201010260905,306.7,307,306.46,306.93,12334
AAPL,201010260910,306.87,307.17,306.87,307,11310
AAPL,201010260915,307,307.34,306.91,307,5600
AAPL,201010260920,307,307,306.86,306.9,3718
AAPL,201010260925,306.9,306.99,306.87,306.99,3100
AAPL,201010260930,306.87,307.2,306.25,306.91,705269
AAPL,201010260935,306.96,307.1,306.51,306.79,405403
AAPL,201010260940,306.76,306.85,305.65,305.88,674922
AAPL,201010260945,305.86,306.58,305.7,306.48,388528
AAPL,201010260950,306.48,306.66,305.88,306.26,333849
AAPL,201010260955,306.26,306.69,306.26,306.41,151687
AAPL,201010261000,306.35,308.05,306.35,307.43,588816
AAPL,201010261005,307.4,308.34,307.4,308.3,424516
AAPL,201010261010,308.33,308.34,307.63,307.63,221844
AAPL,201010261015,307.65,308.2,307.62,308.01,248141
AAPL,201010261020,308.02,308.7,307.93,308.7,314191
AAPL,201010261025,308.7,309.19,308.26,308.58,297122
AAPL,201010261030,308.58,309.25,308.51,309.15,271763
AAPL,201010261035,309.15,309.3,308.8,308.94,292886
AAPL,201010261040,308.96,309.07,308.42,308.67,205542
AAPL,201010261045,308.72,308.8,308.5,308.55,113945
AAPL,201010261050,308.55,308.93,308.51,308.72,115975
AAPL,201010261055,308.7,309.15,308.66,309.02,180796
AAPL,201010261100,309.03,309.51,308.77,308.94,310474
AAPL,201010261105,308.87,309,308.55,308.73,201094
AAPL,201010261110,308.68,308.78,308.27,308.64,137581
AAPL,201010261115,308.68,308.99,308.6,308.93,90859
AAPL,201010261120,308.93,309.74,308.92,309.64,185622
AAPL,201010261125,309.71,309.71,309.19,309.38,136908
AAPL,201010261130,309.33,309.4,309.1,309.22,81327
AAPL,201010261135,309.25,309.37,309.12,309.36,100260
AAPL,201010261140,309.37,309.42,309,309.21,107881
AAPL,201010261145,309.21,309.5,309.14,309.39,107289
AAPL,201010261150,309.38,309.64,309.31,309.39,127850
AAPL,201010261155,309.36,309.49,309.28,309.41,141944
AAPL,201010261200,309.41,309.57,309.25,309.33,158575
AAPL,201010261205,309.33,309.33,309.03,309.03,79508
AAPL,201010261210,309.03,309.51,309.02,309.48,80568
AAPL,201010261215,309.5,309.59,309.27,309.33,106331
AAPL,201010261220,309.33,309.53,309.24,309.3,87213
AAPL,201010261225,309.32,309.42,309.18,309.18,58766
AAPL,201010261230,309.24,309.36,309.13,309.16,47248
AAPL,201010261235,309.17,309.26,309.05,309.17,67255
AAPL,201010261240,309.17,309.2,308.76,308.87,70910
AAPL,201010261245,308.8,308.99,308.7,308.94,69558
AAPL,201010261250,308.98,309.1,308.81,308.9,35067
AAPL,201010261255,308.9,309.2,308.9,309.03,77017
AAPL,201010261300,309.04,309.11,308.8,308.96,67307
AAPL,201010261305,308.95,309.15,308.82,309.12,98949
AAPL,201010261310,309.15,309.29,308.97,309.13,117025
AAPL,201010261315,309.14,309.32,308.95,309.01,140397
AAPL,201010261320,309.01,309.06,308.44,308.57,194624
AAPL,201010261325,308.52,308.75,308,308.01,207720
AAPL,201010261330,308,308.33,307.99,308.26,129284
AAPL,201010261335,308.3,308.32,308.21,308.27,49635
AAPL,201010261340,308.24,308.54,308.24,308.46,65737
AAPL,201010261345,308.44,308.44,308.05,308.22,102151
AAPL,201010261350,308.22,308.28,307.48,307.68,159894
AAPL,201010261355,307.68,307.88,307.57,307.76,121721
AAPL,201010261400,307.69,308,307.54,307.59,112304
AAPL,201010261405,307.6,307.89,307.44,307.56,154799
AAPL,201010261410,307.58,307.95,307.46,307.9,82627
AAPL,201010261415,307.9,308.14,307.74,308.13,68375
AAPL,201010261420,308.11,308.17,307.85,307.92,52786
AAPL,201010261425,307.89,308.21,307.76,308.18,89651
AAPL,201010261430,308.18,308.18,307.86,308.02,82453
AAPL,201010261435,308.01,308.39,307.99,308.29,121053
AAPL,201010261440,308.34,308.49,308.2,308.27,62295
AAPL,201010261445,308.21,308.48,308.06,308.36,72804
AAPL,201010261450,308.33,308.48,308.24,308.37,55054
AAPL,201010261455,308.37,308.45,308.01,308.01,89877
AAPL,201010261500,308.02,308.13,307.82,307.91,121702
AAPL,201010261505,307.91,307.96,307.53,307.81,143240
AAPL,201010261510,307.83,308,307.76,307.89,176101
AAPL,201010261515,307.89,308.29,307.81,308.29,107208
AAPL,201010261520,308.29,308.44,308.09,308.18,128398
AAPL,201010261525,308.23,308.38,307.8,307.86,126677
AAPL,201010261530,307.87,308.24,307.72,308.21,123770
AAPL,201010261535,308.21,308.23,307.88,308,76992
AAPL,201010261540,308.03,308.09,307.71,307.94,118025
AAPL,201010261545,307.93,307.99,307.6,307.86,215944
AAPL,201010261550,307.85,307.95,307.74,307.76,137192
AAPL,201010261555,307.78,308.06,307.76,308.06,300795
AAPL,201010261600,308.05,308.05,307.8,307.86,433160
AAPL,201010261605,307.85,308.55,307.77,307.88,80990
AAPL,201010261610,307.84,307.9,307.71,307.9,6190
AAPL,201010261615,307.89,309.16,307.87,307.87,824
AAPL,201010261620,307.87,307.97,307.87,307.97,2430
AAPL,201010261625,307.94,307.97,307.94,307.94,800
AAPL,201010261630,307.96,307.98,307.93,307.93,15280
AAPL,201010261635,307.87,307.9,307.86,307.9,1098
AAPL,201010261640,307.95,307.96,307.67,307.77,7207
AAPL,201010261645,307.61,307.65,307.6,307.65,1611
AAPL,201010261650,307.57,307.62,307.4,307.55,3850
AAPL,201010261655,307.39,307.6,307.2,307.4,15550
AAPL,201010270900,308.25,308.31,308.05,308.25,23180
AAPL,201010270905,308.2,308.21,307.83,307.98,9410
AAPL,201010270910,307.98,308.19,307.82,307.82,6964
AAPL,201010270915,307.86,308.05,307.84,308.01,2765
AAPL,201010270920,307.97,308.01,307.72,307.72,5475
AAPL,201010270925,307.76,307.94,307.25,307.61,10818
AAPL,201010270930,307.65,309.9,306.82,308.92,767287
AAPL,201010270935,308.75,309.34,307.8,307.91,441213
AAPL,201010270940,307.88,308.31,307.22,307.52,368402
AAPL,201010270945,307.37,308.42,307,308.42,358905
AAPL,201010270950,308.43,308.64,308.05,308.22,446238
AAPL,201010270955,308.25,308.86,307.77,308.11,254688
AAPL,201010271000,308.17,308.4,307.3,307.72,264731
AAPL,201010271005,307.82,307.88,307.43,307.84,221741
AAPL,201010271010,307.85,308.26,307.55,307.89,190392
AAPL,201010271015,307.9,308.19,307.25,307.42,176338
AAPL,201010271020,307.44,307.6,306.62,306.63,326791
AAPL,201010271025,306.64,306.87,306.22,306.6,362131
AAPL,201010271030,306.65,307.28,306.31,307.13,255121
AAPL,201010271035,307.13,307.38,306.67,306.82,189978
AAPL,201010271040,306.83,307.18,306.5,306.74,152599
AAPL,201010271045,306.73,307.15,306.6,306.75,104184
AAPL,201010271050,306.71,307.1,306.4,307.01,127824
AAPL,201010271055,307.04,307.08,306.14,306.18,163895
AAPL,201010271100,306.27,306.73,306.09,306.3,222132
AAPL,201010271105,306.29,306.36,305.65,306.17,313551
AAPL,201010271110,306.16,306.38,305.75,306.2,169059
AAPL,201010271115,306.15,306.3,305.9,306.16,123293
AAPL,201010271120,306.15,306.32,305.92,306.02,117274
AAPL,201010271125,306.04,306.1,305.6,306,175758
AAPL,201010271130,305.93,306.32,305.91,306.22,168992
AAPL,201010271135,306.19,306.73,306.14,306.71,177856
AAPL,201010271140,306.71,306.96,306.56,306.77,153528
AAPL,201010271145,306.79,306.82,306.62,306.79,78981
AAPL,201010271150,306.79,307,306.75,306.89,106668
AAPL,201010271155,306.89,307,306.57,306.7,70262
AAPL,201010271200,306.65,306.75,306.42,306.61,64922
AAPL,201010271205,306.63,306.72,306.52,306.52,45162
AAPL,201010271210,306.56,306.75,306.5,306.62,30623
AAPL,201010271215,306.68,306.72,306.47,306.51,56536
AAPL,201010271220,306.53,306.61,306.35,306.42,69165
AAPL,201010271225,306.43,306.74,306.42,306.6,67776
AAPL,201010271230,306.64,306.79,306.21,306.55,67232
AAPL,201010271235,306.53,306.6,306.41,306.48,36914
AAPL,201010271240,306.43,306.5,306.03,306.11,119956
AAPL,201010271245,306.14,306.37,306.1,306.24,68095
AAPL,201010271250,306.24,306.3,306.15,306.23,44215
AAPL,201010271255,306.25,306.38,306.15,306.23,41382
AAPL,201010271300,306.25,306.94,306.25,306.76,130575
AAPL,201010271305,306.79,307.06,306.65,306.65,85938
AAPL,201010271310,306.67,306.69,306,306.07,180653
AAPL,201010271315,306,306.16,305.76,306.15,139880
AAPL,201010271320,306.14,306.5,306.01,306.38,54475
AAPL,201010271325,306.44,306.82,306.1,306.79,113533
AAPL,201010271330,306.73,306.78,306.43,306.56,54182
AAPL,201010271335,306.52,306.88,306.5,306.8,46080
AAPL,201010271340,306.8,307.19,306.47,307.17,153920
AAPL,201010271345,307.17,307.19,306.74,307.1,101971
AAPL,201010271350,307.11,307.14,306.69,306.72,67294
AAPL,201010271355,306.74,307.12,306.72,307.12,70401
AAPL,201010271400,307.11,307.19,306.96,307.17,113576
AAPL,201010271405,307.14,307.19,307.01,307.15,77858
AAPL,201010271410,307.14,307.14,307,307.04,37794
AAPL,201010271415,307.04,307.15,306.7,306.81,100037
AAPL,201010271420,306.76,306.83,306.55,306.83,59625
AAPL,201010271425,306.82,306.85,306.62,306.67,38869
AAPL,201010271430,306.71,306.79,306.59,306.71,51978
AAPL,201010271435,306.7,307.26,306.45,307.26,190167
AAPL,201010271440,307.2,307.65,307.14,307.34,234471
AAPL,201010271445,307.35,307.52,307.08,307.2,120511
AAPL,201010271450,307.19,307.25,307,307.23,105341
AAPL,201010271455,307.23,307.46,307,307.08,122709
AAPL,201010271500,307.09,307.3,306.86,306.86,87343
AAPL,201010271505,306.89,307.24,306.86,306.96,75856
AAPL,201010271510,306.96,307,306.7,306.83,83127
AAPL,201010271515,306.83,306.83,306.5,306.52,114584
AAPL,201010271520,306.53,306.74,306.2,306.7,167522
AAPL,201010271525,306.74,306.94,306.68,306.8,123592
AAPL,201010271530,306.8,307.29,306.8,307.25,144500
AAPL,201010271535,307.27,307.51,307.14,307.48,209946
AAPL,201010271540,307.47,307.62,307.15,307.34,148193
AAPL,201010271545,307.43,307.56,307.22,307.31,134931
AAPL,201010271550,307.31,307.72,307.29,307.71,326955
AAPL,201010271555,307.72,307.99,307.5,307.71,477587
AAPL,201010271600,307.83,307.83,307.45,307.55,298880
AAPL,201010271605,307.4,307.49,306.8,307.01,19826
AAPL,201010271610,306.89,307.32,306.89,307.01,71271
AAPL,201010271615,307.19,307.38,307.07,307.38,11490
AAPL,201010271620,307.4,307.49,307.31,307.42,6363
AAPL,201010271625,307.31,307.39,307.2,307.32,2380
AAPL,201010271630,307.37,307.37,307.29,307.29,1326
AAPL,201010271635,307.23,307.34,307.23,307.34,961
AAPL,201010271640,307.37,307.37,307.01,307.2,11746
AAPL,201010271645,307.34,307.39,305,305,46816
AAPL,201010271650,305.01,305.75,303.8,304.52,242617
AAPL,201010271655,304.7,306.42,304,306.36,173022
AAPL,201010280900,307.78,307.83,307.47,307.7,12666
AAPL,201010280905,307.81,307.95,307.71,307.83,6120
AAPL,201010280910,307.83,307.84,307.5,307.58,7255
AAPL,201010280915,307.6,307.8,307.6,307.73,3920
AAPL,201010280920,307.83,307.94,307.81,307.89,2000
AAPL,201010280925,307.9,308.49,307.9,307.98,24919
AAPL,201010280930,307.95,308,306.67,307.01,565672
AAPL,201010280935,307,307.5,306.68,306.94,333299
AAPL,201010280940,306.94,306.94,306.05,306.3375,432937
AAPL,201010280945,306.33,306.7,305.85,306.13,344292
AAPL,201010280950,306.16,306.2,305.77,305.92,302986
AAPL,201010280955,305.95,306.01,305.43,305.84,431121
AAPL,201010281000,305.89,306.3899,305.7,306.1999,352651
AAPL,201010281005,306.23,306.82,305.89,306.5472,316720
AAPL,201010281010,306.48,306.502,305.66,305.92,197193
AAPL,201010281015,305.92,306.03,305.05,305.28,395972
AAPL,201010281020,305.28,305.47,305.15,305.19,219265
AAPL,201010281025,305.19,305.37,304.05,304.27,567132
AAPL,201010281030,304.31,304.38,303.72,304.35,528999
AAPL,201010281035,304.37,304.68,303.42,303.8,360671
AAPL,201010281040,303.77,303.96,303.55,303.89,288035
AAPL,201010281045,303.88,304.22,303.55,304.155,247758
AAPL,201010281050,304.19,304.4193,304,304.05,207664
AAPL,201010281055,304.05,304.09,303.57,303.83,169599
AAPL,201010281100,303.791,304.25,303.63,303.98,176014
AAPL,201010281105,304.0399,304.59,303.98,304.57,163924
AAPL,201010281110,304.569,304.82,304.48,304.481,252975
AAPL,201010281115,304.481,304.481,304.09,304.3,109558
AAPL,201010281120,304.26,304.53,304.1,304.42,101083
AAPL,201010281125,304.47,304.67,304.36,304.5639,153796
AAPL,201010281130,304.51,304.54,304.15,304.32,112645
AAPL,201010281135,304.3,304.49,304.25,304.25,94086
AAPL,201010281140,304.28,304.52,304.21,304.4408,86718
AAPL,201010281145,304.5,304.5,304.15,304.2024,73167
AAPL,201010281150,304.25,304.38,304.07,304.15,63368
AAPL,201010281155,304.1525,304.2,303.84,303.9,120897
AAPL,201010281200,303.87,303.88,303.02,303.25,332547
AAPL,201010281205,303.3354,303.62,303.27,303.54,96978
AAPL,201010281210,303.55,303.72,303.1,303.1,132990
AAPL,201010281215,303.18,303.58,303.13,303.52,93618
AAPL,201010281220,303.5397,303.5397,303.17,303.174,74402
AAPL,201010281225,303.2,303.25,302.63,302.93,319475
AAPL,201010281230,302.91,302.91,302.23,302.6,304449
AAPL,201010281235,302.59,302.7,302.32,302.6,171632
AAPL,201010281240,302.6,302.95,302.6,302.934,119487
AAPL,201010281245,302.95,302.96,302.41,302.44,145850
AAPL,201010281250,302.44,302.58,302.24,302.4,246635
AAPL,201010281255,302.4,302.46,301.38,301.43,409884
AAPL,201010281300,301.39,301.87,300.9,301.65,581209
AAPL,201010281305,301.68,302.36,301.658,301.87,335382
AAPL,201010281310,301.9,303.1,301.84,303.1,291924
AAPL,201010281315,303.07,303.7,303.07,303.67,452034
AAPL,201010281320,303.669,303.75,303.03,303.16,248095
AAPL,201010281325,303.208,303.5795,303.07,303.38,150680
AAPL,201010281330,303.34,304,303.33,303.5608,226668
AAPL,201010281335,303.57,303.98,303.4,303.8,153511
AAPL,201010281340,303.82,303.93,303.11,303.27,190451
AAPL,201010281345,303.25,303.35,303.05,303.27,119622
AAPL,201010281350,303.25,303.5,303.2,303.5,64877
AAPL,201010281355,303.5,303.58,303.18,303.5,84571
AAPL,201010281400,303.47,304.01,303.41,303.98,186144
AAPL,201010281405,303.98,304.53,303.979,304.391,296331
AAPL,201010281410,304.39,304.57,304.14,304.144,140895
AAPL,201010281415,304.14,304.49,304.1,304.25,164548
AAPL,201010281420,304.2991,304.54,304.03,304.54,129400
AAPL,201010281425,304.54,304.88,304.35,304.6101,197887
AAPL,201010281430,304.635,305.41,304.43,305.1699,321448
AAPL,201010281435,305.122,305.21,304.531,304.7219,180013
AAPL,201010281440,304.7201,305.06,304.44,305.0199,158726
AAPL,201010281445,305,305.35,304.58,304.95,216967
AAPL,201010281450,304.9424,305.23,304.83,305.01,86982
AAPL,201010281455,305.02,305.29,304.81,304.82,163971
AAPL,201010281500,304.82,305.2,304.8,305.2,167035
AAPL,201010281505,305.18,305.5,305.1501,305.3608,264307
AAPL,201010281510,305.376,305.63,304.9508,305.11,270802
AAPL,201010281515,305.1101,305.2397,304.95,305.08,200212
AAPL,201010281520,305.08,305.08,304.45,304.68,258475
AAPL,201010281525,304.66,305.3,304.63,305.23,174925
AAPL,201010281530,305.28,305.8,304.88,305.71,346188
AAPL,201010281535,305.7,306.25,305.56,306.2399,435953
AAPL,201010281540,306.225,306.44,305.94,306.165,353373
AAPL,201010281545,306.17,306.38,305.81,306.22,297591
AAPL,201010281550,306.21,306.3,305.63,305.63,293371
AAPL,201010281555,305.63,305.77,305.03,305.23,435280
AAPL,201010281600,305.24,305.7,305.17,305.25,250271
AAPL,201010281605,305.25,305.65,304.92,305.45,12794
AAPL,201010281610,305.38,305.5,305,305.17,4188
AAPL,201010281615,305.37,305.37,305.11,305.11,2561
AAPL,201010281620,305.12,305.35,305.12,305.24,5529
AAPL,201010281625,305.23,305.24,305.21,305.21,536
AAPL,201010281630,305.3,305.39,305.3,305.39,2260
AAPL,201010281635,305.39,305.39,305.3,305.3,752
AAPL,201010281640,305.37,305.37,305.3,305.3,400
AAPL,201010281645,305.4,305.4,305.3,305.37,6900
AAPL,201010281650,305.35,305.43,305.35,305.43,3130
AAPL,201010281655,305.41,305.59,305.4,305.59,4465
AAPL,201010290900,305.25,305.42,305.25,305.27,8500
AAPL,201010290905,305.34,305.4,305.21,305.21,6591
AAPL,201010290910,305.23,305.23,305.15,305.15,2563
AAPL,201010290915,305.24,305.36,305.16,305.16,3943
AAPL,201010290920,305.2,305.2,304.96,305.1,3400
AAPL,201010290925,305.1,305.1,304.22,304.23,10192
AAPL,201010290930,304.23,305.08,304,305.059,427136
AAPL,201010290935,304.96,305.88,304.9,305.42,351000
AAPL,201010290940,305.41,305.54,304.64,305.03,286252
AAPL,201010290945,305.07,305.34,304.77,305.2294,241067
AAPL,201010290950,305.15,305.2,304.48,304.745,232066
AAPL,201010290955,304.7499,304.75,304.33,304.415,134433
AAPL,201010291000,304.41,304.91,304.27,304.829,182373
AAPL,201010291005,304.8,305.3,304.77,304.97,295815
AAPL,201010291010,304.96,305,304.6,304.73,133625
AAPL,201010291015,304.715,305.03,304.65,304.86,118554
AAPL,201010291020,304.86,304.88,304.54,304.665,99994
AAPL,201010291025,304.65,305.07,304.65,304.68,111856
AAPL,201010291030,304.72,304.73,303.79,303.92,207605
AAPL,201010291035,303.828,304.26,303.82,303.989,190726
AAPL,201010291040,303.946,304.04,302.95,303.04,260023
AAPL,201010291045,303.04,303.34,302.64,303.26,257080
AAPL,201010291050,303.265,303.48,303.12,303.41,160444
AAPL,201010291055,303.41,303.55,303.1508,303.5,102182
AAPL,201010291100,303.43,303.62,303.36,303.51,105624
AAPL,201010291105,303.52,303.54,303.03,303.468,153991
AAPL,201010291110,303.44,303.63,303.37,303.6,97839
AAPL,201010291115,303.5996,303.61,303.2,303.5,90620
AAPL,201010291120,303.475,303.56,303.08,303.0801,130680
AAPL,201010291125,303.1493,303.1493,302.55,302.555,188592
AAPL,201010291130,302.55,302.74,302,302.19,322264
AAPL,201010291135,302.18,302.6,302.15,302.38,198194
AAPL,201010291140,302.39,302.7299,302.25,302.435,186499
AAPL,201010291145,302.45,302.5,302.14,302.4,116282
AAPL,201010291150,302.38,302.44,302.12,302.395,109205
AAPL,201010291155,302.3938,302.64,302.341,302.56,98463
AAPL,201010291200,302.56,303,302.56,302.946,135967
AAPL,201010291205,302.95,303.134,302.8,302.82,92366
AAPL,201010291210,302.83,303.14,302.77,303,117022
AAPL,201010291215,303,303.45,302.9297,303.37,115665
AAPL,201010291220,303.4,303.74,303.37,303.62,170065
AAPL,201010291225,303.64,303.87,303.52,303.68,120860
AAPL,201010291230,303.62,304.24,303.62,304.24,207624
AAPL,201010291235,304.236,304.65,303.91,303.91,330309
AAPL,201010291240,303.9009,304,303.61,303.8119,113105
AAPL,201010291245,303.85,303.92,303.6,303.76,53833
AAPL,201010291250,303.7699,303.98,303.61,303.79,74508
AAPL,201010291255,303.79,303.8395,303.63,303.636,52847
AAPL,201010291300,303.66,303.66,302.9,302.93,275683
AAPL,201010291305,302.92,303,302.62,302.7,134391
AAPL,201010291310,302.701,302.8,302.52,302.62,87287
AAPL,201010291315,302.604,302.79,302.36,302.79,162169
AAPL,201010291320,302.7761,303.25,302.65,303.0901,144159
AAPL,201010291325,303.0908,303.27,302.91,303.1,97416
AAPL,201010291330,303.12,303.27,303,303.069,68058
AAPL,201010291335,303.02,303.1,302.55,302.55,126046
AAPL,201010291340,302.575,302.679,302.26,302.4955,219796
AAPL,201010291345,302.5,302.61,302.36,302.58,104606
AAPL,201010291350,302.58,302.7,302.33,302.43,177086
AAPL,201010291355,302.42,303.09,302.36,302.981,145406
AAPL,201010291400,302.969,303,302.81,302.96,68344
AAPL,201010291405,302.95,302.97,302.84,302.952,51619
AAPL,201010291410,302.9,302.94,302.62,302.63,86827
AAPL,201010291415,302.68,302.88,302.63,302.8099,67943
AAPL,201010291420,302.747,303.15,302.73,302.99,130890
AAPL,201010291425,302.99,303.07,302.65,302.7,101960
AAPL,201010291430,302.71,302.72,302.21,302.43,198012
AAPL,201010291435,302.432,302.52,302.3,302.4584,86328
AAPL,201010291440,302.42,302.57,302.3,302.43,105451
AAPL,201010291445,302.47,302.5,302.31,302.5,73962
AAPL,201010291450,302.48,302.52,302.0201,302.168,170163
AAPL,201010291455,302.1608,302.35,302.09,302.13,99912
AAPL,201010291500,302.112,302.25,302,302.11,156633
AAPL,201010291505,302.147,302.27,302.02,302.08,78803
AAPL,201010291510,302.12,302.13,301.5,301.9294,304711
AAPL,201010291515,301.92,302.09,301.77,301.94,155231
AAPL,201010291520,301.94,302.3,301.76,302.27,226868
AAPL,201010291525,302.279,302.49,302.23,302.346,167552
AAPL,201010291530,302.37,302.68,302.33,302.51,193740
AAPL,201010291535,302.535,302.7499,302.4,302.64,205928
AAPL,201010291540,302.69,302.69,302.31,302.34,195424
AAPL,201010291545,302.36,302.36,301.66,301.6601,492678
AAPL,201010291550,301.7,301.7,300.93,301.056,820072
AAPL,201010291555,300.9855,301.11,300.88,300.88,730662
AAPL,201010291600,300.88,301,300.55,300.6,765408
AAPL,201010291605,300.6,300.87,300.15,300.7,56443
AAPL,201010291610,300.68,300.87,300.56,300.87,7905
AAPL,201010291615,300.7,300.85,300.52,300.58,10336
AAPL,201010291620,300.6,300.8,300.48,300.57,11775
AAPL,201010291625,300.6,300.62,300.58,300.58,1740
AAPL,201010291630,300.55,300.6,300.5,300.5,5243
AAPL,201010291635,300.4,300.5,300.29,300.39,5332
AAPL,201010291640,300.33,300.36,300.28,300.35,15335
AAPL,201010291645,300.35,300.4,300.3,300.3,4522
AAPL,201010291650,300.27,300.39,300.26,300.36,2790
AAPL,201010291655,300.38,300.39,300.33,300.35,2117
AAPL,201011010900,301.97,302.08,300.98,302.02,4045
AAPL,201011010905,302.01,302.03,301.94,302.01,1950
AAPL,201011010910,301.99,301.99,301.9,301.97,2869
AAPL,201011010915,301.96,302,301.92,301.99,4600
AAPL,201011010920,301.99,302.31,301.99,302.25,7310
AAPL,201011010925,302.24,302.77,302.2,302.62,14759
AAPL,201011010930,302.22,303.51,302.2,303.5,702145
AAPL,201011010935,303.5,304.13,303.434,304.02,552692
AAPL,201011010940,304.02,304.56,304,304.19,517888
AAPL,201011010945,304.19,305.18,304.18,305.1199,495275
AAPL,201011010950,305.07,305.43,304.89,305.18,550864
AAPL,201011010955,305.19,305.5,304.63,304.88,444054
AAPL,201011011000,304.899,305.5,304.52,305.3,471966
AAPL,201011011005,305.36,305.6,304.86,305.01,406367
AAPL,201011011010,305.07,305.25,304.84,305.09,233035
AAPL,201011011015,305.09,305.21,304.85,304.88,119410
AAPL,201011011020,304.909,305.06,304.58,304.6996,234403
AAPL,201011011025,304.65,304.96,304.52,304.9,225104
AAPL,201011011030,304.897,304.96,304.5,304.51,207170
AAPL,201011011035,304.5,304.67,304.21,304.4,272646
AAPL,201011011040,304.37,304.6,304.24,304.44,155133
AAPL,201011011045,304.44,304.67,304.1,304.65,197284
AAPL,201011011050,304.64,304.7,304.21,304.36,131869
AAPL,201011011055,304.38,304.6,304.16,304.36,160278
AAPL,201011011100,304.3001,304.5,303.94,304.47,341642
AAPL,201011011105,304.4148,304.46,304.05,304.19,158598
AAPL,201011011110,304.27,304.47,303.58,303.7,198180
AAPL,201011011115,303.71,303.81,303,303.3688,357298
AAPL,201011011120,303.34,303.44,303.06,303.2,186155
AAPL,201011011125,303.19,303.32,302.8,302.93,409018
AAPL,201011011130,302.8871,302.94,302.56,302.684,248176
AAPL,201011011135,302.731,302.97,302.33,302.932,236447
AAPL,201011011140,302.94,303.15,302.73,303.12,192417
AAPL,201011011145,303.1,303.43,303.02,303.35,172558
AAPL,201011011150,303.42,303.5,303.27,303.434,177774
AAPL,201011011155,303.5,303.97,303.4,303.93,282627
AAPL,201011011200,303.94,304,303.64,303.78,159075
AAPL,201011011205,303.79,303.88,303.5,303.64,128115
AAPL,201011011210,303.5511,303.72,303.5,303.6501,102147
AAPL,201011011215,303.6321,304.3,303.6301,304.0601,174079
AAPL,201011011220,304.14,304.37,304.1,304.202,109459
AAPL,201011011225,304.18,304.1905,303.85,304.1,87042
AAPL,201011011230,304.07,304.2,303.93,304.13,83756
AAPL,201011011235,304.1499,304.15,303.88,304.05,57339
AAPL,201011011240,304.04,304.09,303.89,303.99,60378
AAPL,201011011245,304,304.05,303.56,303.69,68693
AAPL,201011011250,303.71,303.72,303.5,303.69,100478
AAPL,201011011255,303.67,303.81,303.6,303.8,46794
AAPL,201011011300,303.8056,304.24,303.73,303.91,115880
AAPL,201011011305,303.91,303.91,303.5,303.8,108706
AAPL,201011011310,303.8,304.13,303.72,303.876,82043
AAPL,201011011315,303.8968,304.2,303.69,304.04,75181
AAPL,201011011320,304.08,304.19,303.61,303.69,80520
AAPL,201011011325,303.7325,303.91,303.5,303.91,76671
AAPL,201011011330,303.902,303.98,303.5,303.81,95643
AAPL,201011011335,303.83,303.98,303.59,303.85,58291
AAPL,201011011340,303.8699,304.08,303.72,303.87,81022
AAPL,201011011345,303.86,304.15,303.8,304.073,71999
AAPL,201011011350,304.1,304.25,303.91,304.07,73560
AAPL,201011011355,304.05,304.1,303.87,303.9,43310
